id,predicted_price
2591820310,376954.70585416164
7974200820,853548.4586594142
7701450110,1094949.3756287452
9522300010,1860013.5711087866
9510861140,709201.5130490807
1761300310,237953.24984084096
7732410120,765578.7340041467
7010701383,670160.5054689979
291310170,429991.82281487325
4232901990,606184.2132134716
6840701125,706602.7488822333
3971700580,405048.9257386572
4202400078,247783.03651434882
6064800090,348504.2110926607
2626119028,248468.074887276
3303980660,1041541.689978962
862000020,959736.0080223037
2386000070,915147.072131516
1138000450,361545.9944963039
1775800420,460006.0155563848
2291401425,407144.370518725
2025770560,881354.9795621961
3525069037,647161.6847314037
9324800450,575694.0927033451
8080400136,542010.1350414434
8651540040,501277.1457690835
9407001790,245202.79974179863
1773101530,198924.79318821343
9432900250,338198.70082219975
1794500695,650258.6266928986
2220069003,340337.33421518403
923000120,512173.0886778791
5728000060,534309.4939223366
16000200,244104.4418390597
1926059094,431833.89922571485
6672900220,1018255.4815294422
3629860060,863912.7698640221
1822069109,401950.04043786187
6675500105,364452.19630597264
249000180,1963054.275809398
226059065,485861.4989604625
396100110,271997.11454626924
9264450460,331775.17699872487
7853361210,373908.3863640921
9474700020,243466.9721046876
421000455,249010.45470217304
3755200220,415373.46369869343
7960100075,487291.4721424867
9477100490,415546.5849636155
9138100350,824927.2644780461
1624049275,503760.2265490677
2770606890,515988.72715178673
1157200189,370140.28298789775
2770601800,508026.96984237974
9301300805,543750.891655968
2325069032,1190623.3718713925
1021079099,347388.6215917118
7215730040,743965.5041818778
1853200080,481085.9908640572
3224600340,679150.4010127281
3222049120,438216.18030879664
2113700025,309451.2019213919
7893207925,203848.7639172258
3586501085,543406.4359627173
8024200010,333304.71182749147
7116500705,174206.9616812882
1598600209,321576.8367899533
7204200025,933267.6645760675
4206901505,542116.9851583389
2937300440,945028.0292350536
7205000180,359891.7778441968
8718500665,366127.3120592502
5318101765,959269.4431526271
4122700020,1004301.2133191011
8078700020,512862.7768730158
3303980680,914915.75545282
8924100372,1255912.54371647
2781270210,207406.4212642643
519000043,543024.6155529154
3225069301,1372473.3027874236
151000075,722652.3069084816
2297400020,418557.52761642874
6617500085,656670.3251630282
104510180,236213.81047033757
3528900060,968581.4741912251
3345100286,490686.06771874346
1226039130,422029.634688715
8712100720,754583.0317808423
3037200010,406412.54338107846
3626039268,435452.80894556385
104510230,232307.94547748464
5112800060,405881.779781735
6072400280,629349.2607868258
5317100570,1279730.542500974
9528102993,548086.5359763344
2919201095,524745.3319394263
6181400920,263212.97402488533
185000161,250655.62241851972
8691400010,757694.8979489213
3345700165,512814.15411037754
6151800486,217749.7037402827
4340000080,1273396.058541978
4136960010,556729.3096499982
3634100030,310922.86196231813
1624059224,1011809.6035278941
2788400090,260573.74623408835
9828200762,472279.93821526726
7524400250,577240.87669867
3528000290,746215.1312571386
5700003630,2101465.3535757093
2720069019,306499.29588304943
7227501170,209844.58137782267
2397101270,654250.815274846
6792100090,721579.8645193612
2770602265,534313.5574330593
3971700937,285872.29091328394
422049203,213181.84870961006
3076500830,278463.46759735065
1423400260,304955.639623965
9161100795,463693.67668815225
3126049052,516125.0885937227
5100401468,372534.5994367394
514500235,443203.1988143714
1423200170,188284.9862374827
1402100070,404116.577304536
624110020,703608.3350210246
2407000145,201967.44717137283
1890000225,812195.3746606098
1320069271,315086.3282409352
5490700085,358329.8174431237
263000155,445716.24093360396
3726800201,450556.6691366262
5153200358,303255.1164207806
2725079018,760447.329849965
7165700200,251992.4106798733
9429000170,574740.8057548272
8718500075,367429.5419712802
1760650950,332669.8360129963
1068000559,1178218.060371866
4113800500,621579.390713071
4077800507,539749.1802486675
2725069150,712235.0269631199
4008400035,616941.5578225637
7016310270,429926.3971791503
1432701230,220344.51726825416
3278606050,359863.4639336804
2473350710,378205.1439300456
2185000685,162398.47043426527
7792000025,350342.1941845329
6868200029,481893.49382632924
624069003,777329.5387062401
7431500280,880837.2406383827
3296000040,543681.5428922139
1118001215,1615213.7974842729
6453900040,742061.7353461409
333100209,845282.2276314618
34001765,622382.5136676696
8946700100,384599.31923336483
5561401210,590630.9585533917
6671900095,362117.0342712825
3275850020,732129.6330546138
3876300600,408021.8294831271
1450900020,261579.8184884114
8562780280,319710.83200556226
7663700973,319212.73408333637
2126049032,369203.5431454513
1823059159,181047.5182657526
3438503426,306867.0646992787
9297301495,515545.8233962117
7140700850,362322.2067447969
7942601805,664229.3285255043
2555900030,352139.2464887963
2887970040,274214.34624568035
7419700010,616006.15619842
2239000011,362277.64991448773
9283800050,372123.19518786226
9407001340,284043.2576405034
217500140,492955.7355953817
7212660520,250552.57841858058
3298201170,341430.89156347787
3057000400,294636.3565422043
6865200444,474693.1590971952
6071600340,489453.6035595773
6821600005,757933.9895790995
1235100371,723280.4799561882
7796450340,345545.9363861262
3603000410,185802.98569970942
9297300255,556455.4766117339
9126100850,528514.6652789172
2770601462,526318.2358464334
2599001500,215028.41987897755
1102000095,715355.110757526
1853080640,928813.5117415987
9551201585,1030538.4223484849
3438500796,341151.48933652556
7518504291,495687.5330656837
9269200340,433286.3800235395
715010130,1420474.8307604487
1982201485,590414.2896420206
9526500080,393528.75737732474
9277200180,490906.0735206377
6669150280,299089.1083165178
8917100153,596027.489018984
3760500516,1015481.6890940239
2725069050,960310.5785874366
3332000091,297836.02753471804
8562770080,574753.6025799116
8151601190,236259.62027633964
8563040160,575081.3794980516
240000269,700004.653441513
4307350200,329036.0805042228
1311910300,267507.72108190454
3574900030,504792.6953443137
7853230570,401863.6401252288
320069049,385732.8167621067
9839301060,692755.884965425
7011201333,573952.0161086911
2781320100,286637.18091873376
3421069120,412105.9999187477
7852030320,432841.34981153155
5316101075,2230833.6069729803
5309100750,552173.5949597255
629000730,753107.1308361934
511700170,309603.11570858833
1562100030,523462.7432712207
2489200230,621214.235637822
524069116,516091.09572199825
5315100737,952393.4618072903
1868900675,803636.569834013
1608000120,345455.9075018218
705700240,349464.706572959
7575600610,265818.66708011774
1778500015,758082.8586010922
5423500240,198604.49174194556
6713700025,331088.4991377239
2734100734,327940.81386816635
301402280,218332.08836965804
2113700205,280603.67352350266
4114601570,3457039.0980594833
3332000615,283407.3464960133
3630050180,343919.73674790194
6852700520,563058.0216673913
6870310010,624636.7462390879
6163900981,299760.42223495396
393000142,410630.0136733468
1771100130,365512.2412604146
1442860160,388805.04180854186
9191200435,562917.6400215519
6788200800,1073941.0310532511
1115300070,674271.2154659639
3176600105,703285.5880585433
2770604665,577902.0636915278
5469500580,394637.10387242737
5680000545,492677.91672709695
3424089119,552716.5034795942
1328300180,334618.16553152597
1773100922,324003.50264332496
4123830480,325205.8664560259
9808610190,1051785.9100192476
4250200140,273451.9634637676
4217402115,3983786.579088382
3831250350,389133.96557263494
2397101055,886287.3533504329
6817850110,836523.2714917463
7526800200,598077.3659282372
7853370100,668479.6412819778
2523089025,890086.704929632
9476200680,272831.0233135904
5714200140,418945.4340136944
3575304895,544454.7067690609
263000018,418358.62949134246
8080400177,478427.359088483
6450304130,324768.58650622604
514500090,562719.9946469301
9477000300,417347.6594235741
853600310,1255833.81108658
1951600240,204861.8689432765
1099900120,334540.15178414487
5323100120,551113.4334679645
1223089016,435617.03866962413
522059172,245712.20126098453
1930300190,689717.7955316694
9542840410,301597.63060539763
8665050530,478037.6462049864
5592900205,407669.00834648084
5450300010,652298.888759753
2459960030,326068.9892566497
3331500455,503124.6721275568
3432500705,394814.93880428676
3702900165,343228.0687532593
5249803550,524011.11384406197
626049058,435327.9883533875
1788900380,186793.8867416783
8075400360,226284.64379419718
9113200250,766858.4377039057
2738640040,669786.6407114568
7821200307,471506.4366412512
3530440140,247272.0668458988
3582700130,477107.27764794766
9276200569,690431.5538938019
7197800020,620207.4790814803
686200490,520534.6767654587
3501600100,394900.9891424977
6383000690,609242.9209329328
7604400150,368856.6770197998
5249801411,728914.6414860089
2607720420,435462.9092359595
9561100010,373489.81299893797
1796370590,261382.08091772668
4077800593,357220.675078567
854000165,230788.57079847885
5536100010,741841.9683626961
4188000670,784693.6359168113
31000165,1317715.8159553064
662350050,866526.827874483
4137000280,268318.76597511355
6169901130,1051889.8191908523
1953400510,254345.08271994005
7518506716,955214.40803035
1552520010,363121.677637541
7955080270,307769.9171748367
9212900100,585065.7348856851
3438500798,308728.9699228235
7899800890,232587.46727698168
4319200605,468544.27568684705
1329300480,367996.31114383944
8935100100,782765.365983673
5016001260,456114.89021591
4337600280,311770.89585857675
1446401220,184443.3708092515
7135521530,597891.9760013497
6888900115,277009.73304614844
2413301070,285145.25843761984
345700040,261686.8320590744
5566100145,453726.71152020653
7634800070,386113.54637531267
9346910500,651436.5332233103
3529300060,304336.3883512344
8128600060,960820.3561350559
8572900275,215705.97514858612
4139420590,1527976.4120638557
9274200322,578367.0889689925
1472700200,552102.2518491189
8820903380,573039.6491991371
8563010130,865144.6187530578
8965450110,842181.0952217744
9274204230,449321.37056184874
8165501700,350304.2762785625
2193340260,525840.5339845282
1860600290,885800.9457428129
1222000055,207551.78257887697
2492200280,450069.75191698154
2488200455,387895.0441334867
809001520,1181625.2615910526
1796361140,242886.8146432127
6398000011,683158.926621996
6813600365,586844.4318094633
7504100920,776964.0188356843
8835770330,618846.2147217725
524059322,835374.4569573969
4307330280,391886.8090125069
1245002952,952482.26646777
2021069059,235949.68061410528
5700000595,643712.0453160394
3629970930,717470.6705976918
3336002215,262746.4205235544
5100401060,673168.756626911
3278600750,321344.43435132835
1126069045,1059856.0609364067
7568700175,317746.4511472696
452001475,472625.3430361034
9283800230,526686.0601843965
1737300130,528267.5686474608
6189600040,487669.05769027997
3679400025,461671.8463446662
1096100010,311309.6146838161
9513900050,246997.22880614293
5452800645,811737.7998764274
273800100,228684.9359182362
7228500037,490377.6278591817
808300090,453566.6401168907
2493200215,526015.2582477028
5035300255,763263.5023766351
3380900160,412147.16759532125
3630000130,400348.67746143177
7300400670,284976.96287712356
6798100070,372283.17198601534
8078400010,547528.4424056798
5566100060,499868.15709089226
2768200212,505571.92031543126
4035900060,521308.62059945485
9460000110,355420.10861804645
7199320190,541890.5543663364
2225039081,456903.7220006359
9512200050,558188.1931345813
2634500085,311163.2858521734
3654800200,275597.48519153823
2724079090,1269028.9728675475
2597520720,762585.4719603357
3034200426,394198.18901265215
984000130,288594.1622447205
7852020670,443681.4600735692
7923500060,702392.549458954
2310030510,297957.43727735506
2205500540,487138.86512776295
2493200015,413579.39816448215
7853361420,544869.7486110376
5652600605,519095.56595666683
5285200020,295900.6393627445
9406530150,352432.7443571126
5706300020,466721.9184616837
3278602490,408345.8898794298
7197000100,536564.8496811119
4447300008,513641.5939524616
7899800045,216999.3290346242
9250900095,319369.2079744304
9268851740,593725.080144724
8682261440,511879.55685346114
7284900385,876190.4069132104
8079040300,427141.02880895993
2225300585,400055.29888493445
3223039013,427522.3403117844
2013801350,257418.9344465656
4055701110,780499.4689871777
3578401770,405060.8047982037
4046500720,540274.3199047568
6145601745,405924.56437432027
5207200195,680485.8067237333
1972201856,544463.9087751291
7212680080,247731.3049540996
7277100510,626753.785169245
522079022,570248.2223255035
5605000440,893033.4249692955
6632300230,334565.7604505776
8815400165,664600.6798245015
6708200320,427301.8116317394
2426059076,566364.7612275417
3260200200,592945.7802308983
2770601741,482798.14827893116
4338800500,256287.0012582058
9201000320,782851.5677377667
7655900038,370754.8496112551
3625059140,582550.800173703
4222310010,231825.28592756522
2114700115,321983.43145535816
3291800710,321420.68232381344
9406590010,395077.2465366285
3025059124,2562740.3516502683
7972601250,389995.90892419417
930000470,1029878.8924531542
6690500060,481096.8107950089
16000015,207652.6134978527
5693501102,571310.265355609
8079040490,437055.2757903503
7225000155,323473.6457650023
8819900170,774363.949180517
7972601270,302241.2330114845
1224069074,796671.1820462092
5126900321,329157.9626347911
3438501860,296951.0694095831
2822069080,398036.4853152023
1656600310,589757.5376212908
3856900507,1217025.5984365179
1626069139,461395.85362008575
2524049257,1236144.7627159767
3904960150,562519.7728772482
7214820610,446816.8412403558
7977201845,552529.8981072864
2428100080,853627.1656204636
2202500135,402714.89998328034
1523550220,686262.833777491
2313900610,470197.1036737279
4123840050,362783.8773508998
2125059124,1052859.8168578087
1225039067,507953.6027739689
6431500283,467674.9940298531
2473380010,306106.4950549967
5694501195,382827.9447490245
2881700046,354426.02493824787
6837820330,329832.76786287414
2337300370,196402.7662912298
3876540630,230188.50584962947
626059317,342652.19848281634
3374500520,335391.5896959105
7228501903,350613.50354148255
4019300051,503455.06269376073
4232902615,678056.9718050505
3546000090,251039.74365769757
8127700215,789100.842622528
3438501100,386946.14918923547
1769600066,689366.484528575
8146100610,611391.5988054754
3052700695,560283.2752208404
7954310210,625140.3069164837
3761700053,2609763.001965955
1320069179,359927.85428587726
1331900410,768863.1760076963
7303100210,333544.3389958526
2464400285,484947.9451865757
6163901150,360395.0584623758
8955800045,332009.478077263
2314300200,419898.0403566652
9528104360,415128.04589468974
4177100005,617499.019537578
8856960260,300486.6087259605
1828001220,606280.290815332
3066400710,715864.2543364315
624110610,875374.0640751558
4040800260,392771.12080695084
5019500215,498041.5152407634
2481630180,1090574.3179850648
7203170190,688367.9188616445
510001280,887962.4512338925
9430110120,776989.3121683102
1565950030,335614.08265042066
9828202255,807420.961832397
3878900270,475573.2804502367
8091600080,218319.66070475633
1112000035,309406.27597796894
2228900270,288995.3863246527
6648701740,282187.4449558491
1245003740,686362.2054558891
2174503441,534637.5667595874
7708250010,313971.10725815775
6072300110,603823.4000819977
2329800140,258587.0339374862
1494300040,510141.15202752914
3832050130,279361.0382783276
7203100730,875880.0273158848
7199330170,498784.3924979606
7785000220,739912.929292624
1250201175,377806.3966552309
4054500180,1075762.2205467795
7905200061,434789.55679482105
3751604895,180806.2013093478
5220300140,296507.7567483475
3323059027,308172.8633293443
8651611980,888515.260301181
8673400190,550309.0917184049
1668500100,820152.9383197268
1023059365,578886.9299474326
3308030060,322696.6186927956
4232400860,985316.8870647644
2144800615,235541.3387791463
1568100920,1478398.0380543848
9406510040,490832.70705543744
2923049421,314536.6244958343
1051000040,1592308.1831100164
2077700042,635092.5922396111
9423800030,255389.69539087862
9818700455,708193.0550814011
7133300675,362155.28460418666
4113800550,620160.5532384571
5553300375,1391288.4311791838
2025701530,273774.6775415418
7942601155,438133.2240788117
7524300020,263617.94965305075
2520069100,302700.77415166685
5412300410,221248.96758567743
7504110760,726734.0477896298
2594200350,439968.89881773427
2722059013,236602.94524331292
8078430480,532197.5090858939
1423069162,536222.6495540268
8856001090,157597.24325802573
7000100631,875189.5579313068
4222200280,224468.34181616138
7971300050,609395.8533434038
2009001600,244475.55748123737
6619910140,696539.294645078
2877100985,517211.51870978606
1196000007,337526.8499046812
1330850130,750932.7028428307
6664900410,263440.68341120926
1231001110,278912.0118556464
9235900030,284950.46253448224
9407101840,312329.20951140835
9523103001,387861.04613885685
2149800278,381231.9218615695
7234601198,623579.493334135
9476700035,422668.8668323333
9297301065,638122.8957874043
518500700,763624.9818776659
7843500090,328757.34036582295
6056110780,244308.77280566047
2345700260,356078.5286153004
3509600070,228077.01284543128
1431700280,372665.60774368525
1623049174,275394.4372777008
3024089049,311825.87202658044
7853340450,404042.2951111841
7732410360,750440.2040514605
1446800995,304931.5213158139
2946000285,242516.51613046307
425079100,471621.7122628159
3876313040,424909.958648307
1762600260,935601.408078617
1925069121,1024281.1396014132
7443000480,962320.6991901614
7820000015,363935.04906860547
4027701253,498967.833730473
2826049165,376679.5364019273
5426300060,859384.6588205318
1278000210,173914.71605810963
923000270,347989.95174896327
7657600005,242413.72812037927
3024079057,366394.50887767214
3276180020,294965.9513708386
7304300760,292725.5151325471
3908100020,553747.4768733904
8835400805,704475.0247594111
4051150070,201611.17930398943
3904930530,482548.6990741888
6163900971,368731.2782310892
7942600310,418925.2562431353
4365700330,273030.31913842255
423059207,289140.64157404815
3992700265,330198.19286617794
7177300090,467468.3495460665
2540820010,650831.4569196914
5700002510,989259.1020947394
5201000030,565677.7169237916
7631800015,2045520.2465733285
2922702965,675708.317481751
1525059198,877274.9219773537
1245003160,748690.7394573044
3810000455,311929.6310338015
7855600080,627316.6100902935
5701500030,1149852.1401172217
7504020400,608182.4005382766
1402600570,312476.41140218405
7575610760,279508.03860189265
8731990370,365248.3593893074
5021900090,913862.6914860284
290000075,427082.99917899683
2841500010,386439.41421345965
3955900830,445991.3336826862
7852110140,552206.3027030915
1311400350,242235.81272292332
7773800015,610596.5872574005
4123400320,520803.2912080841
2725069157,848798.6527859175
666000143,785960.5493278259
5101408678,495216.4247896483
6371000026,370139.8725651606
2024059084,687069.3324502076
7283900036,312124.8967574945
8881900230,764468.2181270863
3959400135,314947.2189076896
7696610270,220621.19766431447
1689400150,818242.0267954845
5103900015,405136.85418286634
1441000350,454205.37793324696
5101408735,306553.6144830963
3126059027,1876606.5748432206
2320069014,523145.1778371162
9541600015,638636.6115106829
8682320420,750792.8911700603
1562200090,597743.3607972532
3395070980,536996.6165963107
7349600230,234906.05196848462
522049122,249707.9035030712
869700060,283023.6104147839
811000055,1282880.1450410539
1221059176,442282.2487521101
1523059103,463926.75391478423
2025760210,746838.2611974224
9218400088,325862.8521665946
8682292020,441624.40856723796
2623089135,423476.9383997395
3758900259,1220659.0904309705
524069049,681029.6986964644
3121500150,855768.835408704
5581400080,789667.8690274397
8087800020,463565.2571122354
4070700290,725568.1570389711
3296000170,608679.2349015804
9238500040,459908.3255666169
2744600040,333191.3110490754
6813600380,611142.7934500518
6140100150,460012.6394823436
2201500555,450360.78181527805
2600110250,661094.7878084282
4337000275,163971.25437475453
1186000150,555350.0158609473
1972201963,507131.10285049747
1105000745,355100.97861993156
2887700560,632168.6061170793
4039700080,728673.1295298376
522049104,281176.16550303926
4202400078,266022.9240234928
7520000695,194687.27623852555
7714000310,372891.6688633263
4319200060,671208.6689275423
8624700015,603295.3834305665
5104520610,317219.09636394965
2354300845,266731.41641755
3824100291,458705.0282992242
6151800612,266430.79265505186
5454200080,932290.6070869607
6413600290,343200.1947311827
2131200065,298150.0800357577
1459920010,299556.1242978183
50300090,394415.42667738773
2326300090,655321.594022293
7714000070,368223.6881650873
3630180500,970266.9331904162
1727850340,995856.5826411829
8691430330,976913.7203007548
2310030390,274683.3145772575
5561400610,511200.4312190134
7010701016,482958.2768232297
7883605915,288851.7753739351
1282300995,376047.61397713417
4040700310,474919.772022216
3353400435,243096.74642122877
2143701015,519548.6063209554
255450020,375455.62610892946
1020069017,344225.741175614
4038200120,476969.7854004027
9284801100,309437.081421152
1965200075,666171.6661692488
847100047,561784.1883165465
4038700720,501004.74484119436
6815100085,741778.0902261903
2508000020,289740.1563600756
255520180,614064.742873628
6822100750,632304.5630052689
869700050,310666.072529705
1775801405,581405.2225691248
6600400090,214707.3540820541
7202330270,459208.2043170162
1683400165,801960.9616493101
2625069070,993750.9654657356
7625702440,403060.122096394
3388000640,238923.15598675687
1899400365,314167.6555936858
6899990200,883239.2272771104
5569700020,835288.0267393221
986000045,284172.8837895868
3293700221,300677.7103227229
3764800250,348210.1342970092
2291400566,329682.04770857596
4219401236,1367030.1467603566
4239400840,149589.3357566008
7211400990,198088.62051715926
7696500280,198451.39469139767
7215721070,505734.9453650999
3204850140,373729.1803134898
4322200220,679695.1474554343
2566300100,1198542.1661373386
1944900090,429868.04463014624
6648500390,280346.77528695244
7385300020,734327.0748670481
1704900135,336334.23144378763
2877100655,765552.1956610488
2726079098,625615.981079095
7625703800,501403.33259158867
318300040,485061.81569190946
7922800190,519514.764126394
2023049361,222081.6573636885
8946400210,465874.2000004268
6071600450,558201.7583905177
4343800100,389363.1428039557
1443300140,328022.48876042647
1024039001,861501.3838850514
2767704860,603170.8625681766
7234600851,669868.9626105881
644200065,899230.8550821836
7784400035,688318.5759913678
3826000560,216409.08502512332
9272202260,379345.36851432285
263000253,471965.46339165093
3621059043,534695.3713613285
240000130,451979.557761536
1352300120,206426.32187207777
7849200861,285664.01650830434
2487700130,576686.4755550071
1796100140,265033.9713198812
7234601221,515710.9437674463
8651710190,438197.83182199043
2916200091,602184.5073671475
1232000915,516215.50979867333
1545801970,267410.705550518
3211200420,334834.1441975035
7686204675,196258.01060370685
3141600210,176851.44946912245
3959401284,487377.9964196011
2113700825,233505.2351501453
3876000710,391679.7864691685
522069022,546479.0785960383
3214200070,361710.8336037032
1221039156,295312.689205885
259600790,426737.37010761886
785000040,495104.050267275
8138870470,507780.4943326552
2596300035,337483.0806158335
540100057,1590416.137529484
3073500045,451530.3553165272
5363200266,373949.03112350515
8682261650,514237.86270346586
3224510080,831935.5316408223
3211270160,429083.68419443525
9269200520,200622.98676566267
293810190,488375.5107493823
4197400043,320079.26870165643
3026079031,340386.40671150543
5332200405,972244.1919205487
2473411210,294222.6081507514
9268200315,546124.9333930908
8123500050,632400.4900879347
3221069091,518014.1159151978
2485000165,662188.8202281647
4058800215,515662.78795102617
1926059039,785288.3752154721
2533300680,938317.6079401616
3343903640,348553.5674332978
5700003705,1266394.024102485
2023049372,396087.7259917744
4058800830,531278.2213599458
3333002302,412876.21370012296
2944500340,297290.8733496699
1982200790,546346.318141593
8929000270,491457.9570800036
8122101440,293699.95465473103
7525530470,779449.0870410525
9332800020,664164.1710257343
3878900525,236365.76444239824
5420300210,247468.33916381947
9232900165,308728.77640902984
6414100026,402749.74611708225
3013300660,718958.1229720131
7954300120,566033.9545463299
1081200360,313124.5237857351
2877102345,465821.0141107885
2202500255,489977.4360875762
7984400050,210741.96082828185
9558020380,429259.88916256616
7812801850,207744.95656392095
8944460020,396684.8238156726
2306400040,587481.0514024211
8649400410,346104.0341285046
7889602020,233317.00737120997
2041000025,495530.48064979404
871001484,618537.1420273309
2767602141,491635.0845657416
3630180470,777545.6158027999
2769602140,452670.0626090914
2473250280,315216.8853982451
5422560660,527089.8492970675
3756600240,376212.16743525426
8651600160,843406.232891275
7202300540,858583.7525509519
8961950250,439076.9699156631
3303000130,458903.5276279269
798000062,267863.09642808407
1695900150,816227.792947563
1604730150,538582.0238508419
4136930310,355496.0122144853
8835401250,1557680.9793691852
8665900328,432309.95984795317
9262800255,280049.039090532
1853080570,831238.8065029269
5556300114,741970.6130857297
9517200290,423353.91094985453
4037200295,497577.41639542335
7417100123,404670.1508410679
2620069077,214608.23250140014
7922720040,659915.4032963039
558100090,528684.7092708924
257000037,279592.91780243086
3319500385,424209.06008471944
9297301520,347399.35610903334
3580900090,354008.73771650204
1321039076,181928.2032827238
7227801581,281898.6554597893
9407001620,303724.06499097747
2130400150,311162.6851269342
2312400200,251466.67936858055
4046700210,373147.5542552419
1193000480,958252.0014469632
1492800296,540055.8587482368
3013300017,479636.03118908405
3630240140,591900.0603882741
1049010390,354094.8801703533
9320900420,157077.25709085964
4315700060,405949.1209902595
2591010290,317240.8523436988
323089085,753838.4686123653
6600400270,204187.68057914043
2919701105,461413.0150816832
7202360670,928173.8571208629
8927600100,789282.5225468545
3211700045,603631.5440658678
4027701326,475119.72645526537
1601600195,271455.7606559105
7853280350,719606.7433481513
3629970130,688409.8021299518
7203120020,809386.4838783813
9542900190,363912.2523151463
8035350120,507652.01859307115
1238501184,992817.9423905031
251200240,461734.0765468227
8945300200,194535.7847754963
2162000160,1163037.2720816268
5466310060,176568.03735960988
1239400064,845738.4435611181
5205000020,339238.75583600224
1720800305,645270.3033405843
7280300375,576715.961751633
2095800400,470465.65767340054
7852010950,541698.9835956255
1428001160,563991.2401397465
9528104910,700633.364956681
8644210470,878729.6693904474
7923300310,491158.15658308467
254000100,574849.5354634803
1931300688,507855.4572243914
7007700030,456862.0872649997
422049178,220674.5674524275
422069067,464703.77848203515
2923049393,376669.38522430154
930000305,444343.22410834307
2461900448,496540.628947734
2610100020,322076.22830390284
2895550050,254445.76155252947
7701700040,265416.99228715955
2460900020,480191.515580694
9827700105,597734.6648914845
1005000240,285580.5062583537
7200001254,527776.4277791455
866400040,519361.28876402887
305000170,653571.7925935842
2260800110,895425.9641313745
3442000127,738174.5847114028
5253300437,458678.2835572328
7576700150,979639.8324858972
5469501410,476753.383248024
5104531120,753054.667018572
723049434,344449.02143099037
622069006,1323520.0288428597
2517101200,300739.798934272
8159620160,246495.03950811204
5561300640,441850.41300055216
3317010130,222181.81366552983
4364200250,411812.0040544451
8732300060,776353.5149956525
5603700025,818027.3273003346
3585900190,949003.4234797764
3996900575,260464.9130042848
8731801260,225167.8492374545
3810000860,346195.35250724084
5700003585,2092291.0204433831
6332000050,499421.8010011361
9286100250,436448.2458008738
9471201110,992478.9783415357
9290800050,571495.2904799612
7300200400,643892.8813673569
526069024,910420.7981286462
1454600156,808278.2814568158
3904980360,511386.892701195
2626119062,253914.76899640783
8651730290,411986.0635575051
7611200195,779634.8055154665
1919800260,588846.5815253415
6632900354,268649.43720282934
3972900195,321295.57338008424
5151600170,279840.86774896516
7016000440,439691.37374924007
871000435,844039.4034337229
9578060540,511462.2036059834
2332700060,847613.4677208773
766000240,256288.38256381868
4363700200,306186.41325776454
7100000250,313058.4391641633
2781250560,213609.4644924558
2781250100,358545.15476907045
5419800220,259231.012043714
7147600245,256816.79627316646
2926069083,941403.303215621
6189200125,830021.8572605838
9542830160,305026.2208142655
5152200020,278227.8510296378
9412900045,479111.7526082937
6600410480,179161.55125416498
6979970080,540644.3238598206
5636010280,293452.1732595186
1732801300,869703.438083443
5561401530,514302.1902324801
9578500510,350645.4161982614
7304300906,317413.64129762095
1223089077,654717.6559585566
721049207,268343.3464893316
8691330310,827761.5051006868
1523069204,458575.91430941114
3188100105,641423.232703623
6608500290,402297.59452714084
2891400410,313284.24155097565
7663700551,340321.5191330146
5413200140,241885.58257724138
425069139,598973.3030008668
6713700155,350969.05257682054
2767603505,481640.08586276474
7789000080,251499.07090640973
9211500620,243784.95146374358
3750604417,184674.50465337382
7922800320,544329.0609509884
1471620240,350923.49403598753
2222059052,364829.03683956084
9551200270,1181969.38003977
2767603160,538334.7362424697
9406710060,372175.8271082742
8929000250,397850.89296217106
5538300120,395090.8531891067
2223069120,440263.16329793143
1652500060,1596552.6272906295
8564500240,409634.1654686308
3629700120,598976.0455054796
3943600070,408216.1676265691
4171200025,284619.5627919348
2425049063,4308851.975627745
9828701650,373087.4728909276
3581000340,355726.80099690706
8100900015,345214.30575399974
2125059161,1052729.1781734985
304000380,202454.56505762544
8146200070,1647660.8733758389
686530170,558947.9447722884
2917200645,498911.49054656323
9547200530,792765.1059032548
2122059199,344521.44972514693
1150000740,674391.9180274766
5706200060,286625.1124798442
9265410010,229677.1598943555
4083800555,491117.28448268655
6152900332,355108.10247116286
2520900301,206636.20904526793
9828200790,508806.21913121984
1657530180,300699.35471505235
7471900045,273166.14499390975
9828200460,425461.9878042176
1775900140,440189.69806774426
6139800430,440696.2546198143
7214400005,538930.824645992
5332200026,511496.0619864902
9510970300,809257.9943645644
2540830020,443948.2718227383
3392100140,186520.1988129919
1326069191,356081.95353626297
2125059112,1112302.7751015883
859000022,330666.65478405065
8854100350,657944.6886788448
121059007,217742.97771315335
7977201707,477474.2435983441
3859900060,3441888.3198189316
8815400735,741171.6733850869
705700530,337651.34639992664
6600780130,367497.6206611811
6378500105,378361.9625231469
8143000310,469025.08228707156
2877102330,657881.7103874655
3526039074,608035.4330027215
2115510300,247779.10905527507
3024059014,2064880.1031359131
2141330360,571787.8302841048
546000400,521593.40657939337
2071500011,425357.91216598277
7972000240,217333.99077849303
7016200460,430811.76152166235
6204200180,422816.14516992075
1552100135,1130698.739090534
88000173,433985.97201895976
2581900235,848378.1158703294
9211500560,228277.74650672238
621069218,435304.20252667414
1321970240,291604.8828895669
798000630,316393.66859368706
421000285,272848.7923441699
2824600180,758541.0938117644
3832051140,307677.21860976215
1237500105,726453.1767039483
8802400906,265276.02238884586
3166900270,431988.5137684317
3682000060,372265.99875467253
5469700020,286376.9075550882
1245001820,689223.9687267465
9547205660,655422.599307436
7974700122,726017.8748489083
7550801225,548481.1046459225
1099950050,723753.3358040389
1402900460,307337.354240835
7636800041,1416661.5152222181
2115720270,269137.4957210372
8651441750,188039.306007437
3904100035,252014.27820655963
8815400020,606939.4091121126
3303860590,480651.29197913455
5427110040,1231125.4789063546
1782000160,348591.91110268905
6204420290,482320.0436555326
3995700245,293256.6415797025
7955040130,459038.00288804586
1442880650,525498.4013355239
8833510230,864403.3405430558
7283900551,454262.19025678776
4396000180,252425.8153988429
7504021310,655650.0046375263
322059264,253760.9619269136
3654800040,288434.0989094566
2767704777,509041.7666632604
3278602190,341192.4237694116
3236500220,502269.8697168521
3410600100,277941.1281842589
629410180,758485.6922435904
3352402250,146381.02679223783
4363700304,336485.52745198016
7237550130,1382594.0094840704
9808590210,1408894.1608341737
8074200175,267422.32295211026
3463400330,455624.8871668411
6306400140,839657.8674903834
8564950250,518352.2683542426
5381000070,220198.34960089604
9826700697,478633.1817544757
8132700190,454179.47635617456
7943000020,178790.78102188613
9547204675,542122.9788622974
4112100101,472997.3082901806
727500030,666752.8219060529
114101426,369406.35616460704
9274202005,724562.4170777709
1193000380,932860.9354392841
3039000020,484997.3197340927
7852170130,674569.746735771
2624079010,668144.604591177
4137010540,303225.83720734663
7576200012,750412.4635075735
1138020020,334668.4939811283
3969300030,194039.82963257635
898000200,216181.8708960943
5153100030,295732.55656966276
5104532030,526836.4163460315
4406000050,218588.70443487776
9274203390,624653.4512086074
8682290360,465245.1431370269
6928600330,246446.71349831796
4139680070,879974.3696104166
6844702690,489838.86650589976
2154970020,2146397.419680721
4385701285,1258967.6276260563
2426059071,622082.3857947077
2867300160,594708.045770784
9512500720,550902.2377621289
1773101020,308496.61874697567
8687800100,271991.83837687696
3627800050,1680459.4651636882
1604600227,304484.1952298656
3300701170,408058.2310522418
9250900111,489187.29907042364
7015200790,656281.458967286
1311100490,236448.68074933422
2469000010,979472.2366769724
1982201596,589755.3437067394
1862700290,343578.6307296575
2586800270,252902.17033393687
9528102772,470274.37709062296
5490210200,452682.10633816017
6669080020,401769.323780412
179003055,211924.48039759256
1860600535,991732.932231491
1592000130,603864.2405375141
3905040170,563555.0304692608
9320500080,250766.91652915234
9276200850,462668.82241940225
224069114,704547.1635283347
2260000340,565872.6555085161
5096300130,403773.30751588097
3432500215,369579.54261470074
2600000050,692267.7197258666
8856003839,227165.62710177663
2492200435,379846.7439579088
7855900110,1160073.8106532008
6806100250,340078.18714240467
2770603523,546308.0934337305
1370800515,1466632.3679759428
2726049150,464259.18752322457
1226059161,608780.9088523922
1068000375,2664443.10289326
9528104109,488814.9358880271
5126310060,526751.7243174419
1951820070,527233.969981828
1545805980,387665.45217887004
9464700340,867149.9062165002
4319200675,872312.9009019464
7518500885,538960.0588235046
7852020620,478582.79369792354
869700370,342863.3755033766
8643000190,265322.0773578224
8902000267,602490.5183996869
7972602435,273050.7158296125
2050100210,944346.6409273315
6705120540,441126.00897234754
2767601390,646086.5861107246
4141000490,1165224.6537065306
9345400350,735207.9369308355
3222079162,312331.8799511708
7789000120,249109.72720372266
6646200770,692104.7767126241
6666800180,827007.4430822036
1725800280,467583.06768093596
6117500460,896807.3007398695
5470100220,224341.05577335326
5457300478,459584.3205672014
7550800195,547124.4231187665
7787050180,561491.3857819446
6204430250,520637.6475901511
7640400250,516135.1121403631
624110920,801543.3625689746
3629920140,391309.3487948841
7173700518,632477.4246550638
3210200395,250759.25339834718
2473480560,400312.8482039477
2623089141,464104.6934704686
1423800080,217462.9504387201
2076400050,305941.98507818085
3832060120,305766.4371831348
7702600930,459305.35092844773
5101404555,378505.35091680876
3723800415,372787.90228935523
3356403400,215077.43101021787
9214400125,513160.16138561023
1797500530,531904.9722246383
9551201660,1023695.0682119745
3878900815,370560.8008720886
1760650280,334245.1896810211
5466410030,246359.32337711644
6388930620,559741.3134091727
2331300395,781194.2647868496
9412700160,286313.13819253625
871001611,596995.217770074
3142600120,572987.5331535854
3995700220,359139.38914354064
2310000280,283970.5137420044
8039900400,385542.7173337131
7504021510,653640.3046852435
1959700445,1484795.0818805443
1556200155,613519.0455605281
3629960590,401747.28691649763
259000240,447548.5508605896
662440020,409282.04725072667
3123049142,563412.4467356246
321100260,781996.3925572752
6840701095,605383.2164579595
3738900165,389303.85905765847
4427100130,412284.81682867155
9238500100,435629.1012739981
6145601810,362739.0508760649
2570300090,375024.86500457407
4017600010,518189.61719384365
1005000220,379733.98939313856
1257202120,479978.6719376736
9527000490,502655.1817804876
8691400080,709751.5985075629
1726069084,424273.12944743346
248000240,208075.2342660462
6113400046,387204.4372395184
2130702350,366761.87608559156
920069052,238988.5804988405
6071300160,529785.2838919905
1623049041,168761.39109056105
9268200285,351050.27359697764
1843100520,354883.5425791959
2887700826,614937.7305673092
9122000385,536720.2321438686
9475700220,358481.8348655177
2804600005,798750.7067049565
2896400300,388450.149233166
5015000180,749679.4159627184
3630220180,767332.2926770666
8832900780,478635.0208117362
1568100300,399355.80952683685
8718500610,378741.874614472
4147200140,1074507.778801857
1973700030,1031807.3928052618
8862000075,190596.1220709871
9320990110,290132.95197959116
1151100035,409893.88882695866
2011000010,240228.8774608539
1651500060,956273.5776454908
446000190,784163.48716712
2344300220,825072.431231355
523049195,211971.93765566318
9191200015,628537.0171427926
7942601410,770957.4962002999
7137800300,207351.57744997018
7853300280,503512.84779620444
6654700240,329551.5475097659
569000050,588791.4059204465
3584000180,226886.44049864987
2026079055,312105.9239022691
8898700880,293796.9372808762
5075400150,604910.6065437192
8731981360,365809.4548189527
4222500020,221261.63237302518
7996720050,629934.4275131613
4077800094,663333.0377669221
6446200365,660124.3648616666
2824089053,521017.7001699432
1311800220,222918.72490415667
3522049063,645423.4331133758
1721801280,197667.44740183585
6131600240,198073.34454531944
7202310040,655545.705576784
1123059125,547138.4232370354
646910160,232285.85558228378
5630500005,346605.43946958764
3342100785,276490.74840072775
9547205610,621587.5217393878
1773100123,289994.9677149634
3353400092,306467.344803177
217500015,370894.03282225295
3649100031,424189.8823686864
7896300150,293761.29228115483
623049185,242626.36346640188
1773100430,342576.1343073294
1781500220,728311.7495470135
3395380200,228600.31034646323
2424059170,2599928.6052730368
4389200765,1668205.816937384
1543000060,461284.68902519706
6154900005,653556.5297446806
2902200240,488225.1010140764
1442880640,526533.9457542032
8562770490,578638.8074721186
2768300655,626014.4674068778
3432501315,305549.76745075587
5035300570,757578.9291461797
3626039028,418607.36751849065
3876540780,238101.71955155768
327000100,1030923.2894464913
7551300065,472433.5381356462
1312920060,241129.71737618488
2215901230,275152.2230668364
6306800010,445931.8730717277
2767700022,520901.61920253444
5589900610,535605.138598387
4320200020,750158.9727686045
5249804655,656222.8321461943
9238500480,445338.05586322624
3885806565,1178768.4935215614
7905200205,435270.52956008486
5727500102,359538.08650088386
3585220070,403628.7863230679
2078500210,529346.7341157091
1839920050,409615.326559788
534000080,307677.21076191147
856000255,599404.3486090591
4141010110,1600186.8556218287
9558040820,676666.0316094497
7768700315,1251441.210765854
2796100640,290451.8171683957
1922059010,214936.3054140065
3448000542,266789.36552840227
3883100220,285102.4429303968
7237301210,267474.9774504675
3893100456,908850.1734289863
9578501110,344706.5405705424
6145601995,410400.05707967235
4024100120,311991.7761024588
8899000050,365697.6307696603
3396820010,581546.8286982824
6749700117,376084.73596250743
1954400060,497880.0048699392
3303970100,821051.8339189367
2540850070,476853.0988801764
3797000745,537930.6809681305
7883603700,229872.39091950603
3438501452,383068.76883687015
3530210260,642701.4452167758
3598600049,178393.21854749593
731500170,388259.83759977407
7129304375,174547.1012485619
263000006,419677.57235507213
7212660560,309621.29015503055
1112700010,401790.13342053496
3420069060,673385.7568173128
2473000470,399936.7937924876
8691390980,724655.0786299552
6184700100,433498.56894833327
4476400275,366547.24020874774
2968801240,294341.07795715757
1529300160,415144.75469323015
7640400070,639580.2952713964
7016100380,471737.76959859947
2172000890,480609.47481420153
4035900015,764936.3101524797
9528104660,952907.7431503582
507100005,381397.84797779523
2783100160,375630.9934732982
3629921140,799040.7760169263
1099750610,226988.43537198182
1330300451,1269379.40865207
2757000030,837652.6229327115
2114700190,300527.1349553256
2050000020,927695.4898726782
3832500790,280085.1662841733
2612000390,326609.4680581171
1483300430,491972.3754443929
8899200720,303274.05464196886
9183700470,289790.0664991908
3530490031,206646.68778788912
7857001225,354824.2252363212
7920100083,411238.70992823
2254501620,469653.80947963876
3303000130,433533.95771874965
3876200070,419530.1328652931
369000365,348869.20271853125
3052700385,675243.6722855201
7856550240,801919.1614483659
7300410110,370285.5029556199
7201800300,408935.8103577768
1695900060,529487.135522172
9429500146,972020.5228167806
3629910240,673514.326796613
8805400090,227827.45961364923
1022069050,250608.98077554198
1138010530,393371.3913568331
7877400266,179107.30851041473
7974200452,983854.1523899459
2126049265,450711.5357305051
9547204350,703806.6083480243
5560000680,175857.02081175792
3793500550,309942.97767344
4217401195,1024466.8097385556
1826049408,398017.9667306423
3905100210,473502.96937879943
7695370160,529621.2614724535
3210400060,218633.03140099996
6146600170,150787.38986507498
2767601750,448097.06108984584
1773100926,349308.9146618271
5700002125,481169.5737509932
1951100100,200109.91161881373
1402200340,332249.8848861431
8044200200,356122.55252983834
66000070,322666.49580084503
5083100065,200249.82361282868
4027701284,383485.9688943947
5693501100,557189.9677106164
3600072,534536.9966764634
8078550250,327010.2721295651
1922059046,251996.8581449377
2902200016,679118.8207727934
9183700845,161004.13523701613
3333001997,316937.12431957124
1432400525,252259.95162689238
2824059128,476259.36459068063
6453550090,923453.8132029991
6202600070,1402307.110547738
7524100280,216569.14105207467
3524039224,986717.7468428841
5739601300,557181.1546274202
2473000410,420009.6828873154
421059018,293214.2339869159
4232901120,645533.7739601077
5559600140,252011.48580412066
3797310150,278315.52493253
7986400265,821158.8760998211
3025300095,2774581.448964214
7524950830,570425.1169079925
9407100730,243122.06155254092
3812400854,365915.1044286608
6002400030,381646.78575903276
2212200090,234538.09737056468
7202330610,519296.16302560334
7300400170,318643.0835730943
8965000110,463544.75981994206
3996900125,302979.85226966697
2221000100,282115.6158511192
1524079088,366972.70595684496
1133000036,380091.5415806662
1868901190,669595.3978964916
4037200530,472260.5265768491
2095500120,331448.72697175405
1995200338,765414.4880129072
8820902350,768500.8603505429
7459810210,364361.2963986667
9536600010,716450.2276712073
8085400586,1761991.1744263684
7518503065,365836.9744036898
8682320350,654528.7518223593
3179100790,765250.1235808085
9828702666,494059.6856164852
6713700250,525768.8619433591
2141330700,620706.0797010816
7519001990,406561.07302484225
3223069019,344038.76435039117
7994700030,368674.61459942925
2592300450,299792.8447816163
2792000010,517524.2557206852
173000025,358033.68661064387
7203150330,660166.326225929
3305100210,895401.2579995878
2581300055,934806.1413713784
6613000750,1531077.9899318023
7015200685,705249.2058191048
1323089184,501899.8198862937
3793500510,396510.6329830592
2225079030,261852.78165282594
3578400710,403316.498124753
8100000090,266788.5210854176
2095500040,312472.4827200177
8682281710,679481.0325616589
6163901380,312211.7678607435
6918720080,646969.6902084383
6914700130,489516.49168913596
1205000215,548583.145486038
3800008,269551.68858168006
6150200180,287797.76808515424
1223089066,881728.2131630233
7768800290,802840.0665953319
9285800330,912712.2471082752
1974300020,559941.0491078635
7628700050,799923.0287647453
9376301800,747925.0616994014
8651430220,179874.0147575316
629810350,796143.7479915835
5016002180,941394.8844050979
9558010230,350851.39663678955
8732000390,228223.01492723648
7899800586,361590.0414427436
5249802460,411697.11758311937
1446300020,544960.0725242866
7785380150,481215.94643305975
1245500950,680560.0805284418
3362400640,665330.8024534477
7578200310,700781.1158369062
4137020910,299235.56515217153
11520640,746410.4105630972
7972601995,255229.6831543724
8122100160,401359.5446550275
9456200450,324279.70246023685
1328320760,340417.41231542855
4025300285,337633.9991851608
2721600125,1023070.1578342428
1123049027,238250.3890761281
3542300060,218024.21564320652
291310340,500869.27375140134
8651720420,450687.2266533197
3298200790,373869.55337627605
4037200585,467709.75429546187
1329000090,1472033.36022153
9279700013,1139757.929347978
4151800265,484712.1273086756
7760400210,239816.51465427267
5029450110,214515.98950628866
9492500160,857718.3783273293
3578400270,407110.87520666345
7606200090,281987.20371681976
3682000050,361753.89820928406
1250200415,340666.3544307994
629811600,665411.7242795452
1839500115,303080.07600448286
1176001293,1503610.961923561
3013300409,391068.32164132135
7853280370,731074.3504770112
3275780030,624846.362412684
3336001946,235589.38358376856
5456000110,789707.933211987
2473250400,285442.05712034757
5393601635,487292.1445161369
8820902905,323307.1082967654
1245001659,672992.2455020527
1523069215,438288.82979693916
930000234,500454.22175392567
4083301645,664080.9492315747
4055700778,690073.6462486417
2781230080,452291.4870982577
3629910210,668058.0846736506
7856700060,682728.4564974327
7589700055,423750.6197898203
3888100043,373120.23776043166
6381501636,370464.4432229983
3303951150,361645.99636736786
8638500170,365303.2724546593
5635100050,402236.20553827507
8820901792,805229.7861862927
5456000025,1163811.5980564072
985001275,146605.7989332894
9560500105,743281.9701147068
1421069117,254063.2264051509
4154300296,329784.52204433596
795000620,144009.29375569132
9828702335,517732.0776468187
1250202145,976342.4172082165
1163400070,243787.59012136483
5652600065,635901.8525960846
1042700050,806799.4080304418
8899210320,355152.9824081954
1651800030,1547752.1251136288
2919201365,781235.0607231746
4365200895,374301.9015021373
6841700100,867766.8666156373
7376300060,429941.56418253196
7852090180,540677.2800282799
9222400565,556424.1548366462
9542400075,888743.5192165555
7338000150,180682.12277225338
4322500110,627110.4400166414
7694200070,436659.18350773526
9321010130,261485.803061744
3204300455,1143407.265902419
6706000040,293379.81165768934
1565930130,426281.08442356193
3279000420,217539.90204391748
194000575,478683.8929566328
2115510160,248609.32422258935
7522500005,560555.9105685438
3787000140,467679.600148459
7852110690,609627.2011373962
5469700260,356554.11812114785
8691410730,693823.7855737616
114100763,270820.45019828883
1257202430,843201.9355249954
7000100635,520033.2081205384
1900000195,167342.27440857954
251500330,1685442.9842226293
7701960210,812651.5175853304
4037000065,460143.3283078304
522059299,243168.1023463605
6072300800,679906.5924681339
6821102358,549447.0065361626
5029450200,223111.44371776975
8860310240,598117.4709356219
826000295,372458.45733730675
9417400110,404371.5344135079
3959400345,703189.9732520686
8899000430,318398.4529901354
7527200030,749460.0149447201
8562720410,1288467.828855423
1432400335,232056.9150559357
6699940320,372181.94887167006
2525059172,713033.4055803985
7548301044,355803.0700287984
2141300420,831716.772065042
5100401414,409211.6418901169
7346600092,236876.57916851816
6852700478,503129.55575481866
87000213,248630.17611138397
5416500260,309902.180555962
322059097,276207.3735115181
7229900005,324943.39238576137
7116000350,153822.66301490998
3739500096,357308.5180789068
6744700900,759325.9408917911
1959700550,962865.5863956175
5589300435,374866.6058808009
1775920350,333111.8692754592
3750607974,270023.18212385225
5318100935,873682.4128966542
1442700430,484287.65162889706
9346700030,654885.8015407479
1841500050,332197.83179236116
7278100665,357712.3372988393
8635750980,617713.572651888
6909700340,691791.2316622407
7011201475,737165.4082404206
9348500220,555240.6316578959
3876313170,415512.10675036506
2195700050,923262.6175518055
3760100200,446777.9337217237
3396800120,541185.7630536259
3750603685,246749.18965997477
9828702310,563688.0129023483
8656300380,357815.9834892664
1438000170,565243.265183077
2423069164,488662.9644979526
2112700845,300502.7778001009
7635801370,575127.3241399393
8572900135,395820.7341833095
7504010590,727233.7866476426
6821100125,452217.519505602
4310702775,299372.9927513861
2591010180,430137.4694685603
9828700235,684709.362974124
9376301180,554960.8927997418
1646502355,1114199.8060080844
1498301672,538237.7128898393
7715600070,337530.21036519046
7283900045,493568.5199997952
522069119,514729.37402732443
5200100125,596871.083166122
826069184,502268.1170890827
3271300155,784401.3997642613
4444800045,619972.5985140073
8682291050,762633.893473924
2770605420,502976.21400204994
1556200205,498483.4449718837
269000970,1293821.4089105204
9264900880,264468.20774388453
2323059074,222079.69814814418
1224059053,1211113.7015332438
3755500065,438325.8575339863
2571900430,357178.8205997691
3705000070,279603.5523484341
824069173,575085.8950016157
1735800050,146406.01926326772
3025059089,913704.9133761169
6132600655,873664.832053618
1068000255,1606813.9989097472
3052700921,653080.1154587964
3024089057,348463.0885853233
7390400026,281963.7973160158
1787600224,424092.1743235872
2923049372,303448.7798161563
7015201015,1052991.6265643623
7701990040,838333.2514091863
1925059194,1137040.424451223
301401370,339240.5456186708
1931300955,424659.95400472806
2395710070,349837.5349659637
2591820070,424824.3880979953
7883604065,279343.29912592913
808300200,495397.18196042796
1421069159,507295.68040128524
8562780540,303405.18698780256
2787720300,384960.03662848374
2349300069,294955.599793413
739000035,181201.6496977384
2397101460,659793.3657170566
7625702437,392055.8620547235
5101406441,492265.42518328445
3323500010,1165047.9886618268
225039082,785034.02843766
8078100260,344242.6004432396
4139480200,1410056.3747490568
7436300160,478121.2158579356
822039004,611138.1577294063
8651442910,237163.57077433055
1370803510,734606.3722195502
3342100569,720093.8811686303
1310430400,514009.62026445835
104540820,229872.43333295116
4305500030,619043.9244480312
993000090,800653.8882266184
8044050040,418683.998626492
5707500050,700517.6663339816
6306800080,384691.8630420911
9206700190,792247.4674770924
8732040090,308814.0190795731
3037200045,398197.25633269263
438000025,606928.5280803777
239000115,312782.2857254294
8929000230,515454.9902860489
7135520610,1076887.8967447921
5561300340,543276.585221568
9530100085,765009.0827399804
6613000140,1407381.9211954477
8835210130,339545.92971879523
3782400190,329226.97175967274
379000051,272981.10547494865
3869900150,348412.32899327023
4322200050,448388.2734204425
8961980290,693899.3373060597
2558670110,454423.5764649517
1124000010,410866.7395069838
3869900138,486977.319821353
7853300720,489431.83300585253
251300110,321715.3710574091
3904100041,283357.9266583231
7701990300,814604.7612504401
8682231190,527117.6588671433
7888200240,227523.98170076258
2025700730,294053.0084978958
3066410800,695244.9036058055
7576200040,763231.3573483649
2526069095,1044819.1861573095
2781270530,205423.85777110932
3763300005,456233.9513306008
1523049083,194610.27554728198
923049468,194724.09717037258
3303700221,660033.3816671198
1502400140,225812.35643524598
2880100160,915188.0694354096
4083304535,851741.8850243615
8820902549,576580.0422763533
4139400060,869571.8309183407
1222069094,335092.3142059231
9367200205,622508.7453254523
2734100736,266901.9763938088
3856904580,668839.2297093405
3812400789,364709.74795201636
3303980090,991107.3285205349
1314300018,309288.8784519886
9522400350,527099.0630709615
7524350080,335969.8340335539
9406520260,327091.91374388384
3278602040,366825.630050466
7696620100,236198.44099660375
3751600635,231639.21481048255
6365900065,368300.50401386
8732800100,255948.80747545054
3876540410,250595.3869546241
7349660050,253339.63102304566
1036700220,673572.5217463879
5417600200,303293.3350602055
8732020310,265842.0172774893
6844703240,906290.6878940163
923059206,355915.2340106936
4038700220,558180.9594344614
2597520900,700307.2879514735
7203230040,971754.7741566355
8820903560,302899.2670751441
424069112,724091.4110109635
6056100102,492524.17358783813
1823069155,494357.1054007011
9412400220,3086729.036031206
6851700381,1070192.027626159
13001215,288909.0048277874
3630180340,742044.5673167596
6746701090,562837.7626887244
3832050760,283329.8111221758
369000690,448120.41415983776
6071900130,592541.1695314161
7266200085,665413.3205876612
1473120390,428096.20634557493
9523100458,538313.4031144844
4345000510,275950.0029255658
6600220090,457458.90963967453
8079040320,402362.5843623588
1357900060,458922.9536527183
3996900295,311786.5938788147
1442700250,473668.0002778616
5021900175,659822.8306243365
4365700130,325142.61749164213
3876100320,513341.0347144604
2124069103,458064.67719952663
6700400140,267529.734311063
7852090810,529718.6814421443
1454600038,835368.5921856369
4137000250,304082.04052370996
9826700726,575795.010809443
6716700325,470791.1076582669
8562750300,593436.6218534546
9315600050,1782108.7073115513
2790410250,648411.6332921848
7732410130,722584.7835698058
1387301730,341317.66717505764
1568100220,341470.64106728317
3975400085,795838.3091899061
339600110,456775.4326421311
7888400500,248806.93370695104
1842390130,693612.6318310692
7595700025,343327.3872568068
2158900140,727243.6069405443
6151800070,403859.4809788245
9294300515,699402.1431439758
1250202660,810581.4796641853
9106000005,1034881.627588442
5035300085,703288.5506205627
8898700440,285832.544596156
723049197,184457.06682731322
2019200220,233463.35196166162
2926049408,643514.8031197205
4233600190,992680.6295117735
9268851860,437462.8113975803
5458800620,645951.6016076601
424069096,496585.98289609444
8150100265,233039.0475731784
2742100085,350072.8458858681
8045600130,404831.14172724
8039900086,306862.9335752061
4131500190,350782.11953897076
1370802650,675908.3384905185
821049149,248470.28017910526
5104520460,365595.43409341516
5466750140,256021.98974967442
1703900155,307948.9583096102
8658303065,276266.0491432338
3298720030,454497.5968008552
1839900080,337564.4517705997
1561600025,780142.0946172366
6064800410,315248.9901576768
621069102,249566.79265410325
7853360620,396083.21631865564
9385200045,602771.1427939544
7214770020,633652.6723297391
5412300100,239789.36124694566
2025701360,268347.46584273287
7334602070,302715.9295693108
8029200190,221762.28415434342
2622049052,592560.3322340271
3126049261,332954.16888491734
4443800705,461141.1414665308
2473420100,307562.5791622376
7922710520,574755.6983800337
3336001911,251808.07924250705
3797000300,456186.23052395706
5406500480,638186.1513544718
6706600090,445949.1319137299
1518000230,335186.7674673043
1250202990,845323.357964892
6441800060,796646.8549748351
2141500070,471421.81747518125
9407101900,276594.9193775785
5451300117,1872885.7828538087
326069132,466505.015840505
7153400100,245061.29393105666
3083000910,445296.60222107766
3021059304,317164.21654687554
2597530650,761023.2060080058
3972900215,316299.22806047276
2473420070,317343.4777987931
6115400008,486566.5406847389
8682220230,801673.5584603305
642150080,588158.2960277947
3775300030,332123.3892999169
5418200340,656403.2656102007
2424059119,992100.1185945506
7899800476,256662.0330308479
8598200070,272498.94094236643
2421059125,534417.2669380059
9528102771,558968.9354385112
7522500020,605717.0845009661
7202340720,602027.7778014706
3286800260,565400.023632033
1121059105,448259.1641504069
7504030220,656465.1423440117
4045100190,1525789.5527805171
9406530090,354640.5016793673
7138000260,259210.53875263437
2600010390,664381.3313138542
2917200365,431356.97865159565
2191600780,202128.01421300284
7784000180,487599.2482425685
6149700194,320195.8950390694
8082400136,765351.3280537599
7202340930,633533.0536307852
1972200556,585958.4490817257
2767604170,616537.933280084
3271301175,573833.292824003
3223059303,540511.4730986968
7598100735,1098600.4179716434
3348401490,329123.5131462221
1545803390,274183.7787078331
2296700050,507147.593485564
3626500045,769122.5641265042
1596600060,271916.7135878428
3616600250,1188393.235736664
8078560140,280381.6274546715
1796360350,239436.0051403311
2770601763,539023.6145605805
3223069118,624275.3522406927
2473372040,369572.45707693184
3575302759,392847.74639844504
5706200170,481665.8878141799
1774000030,457961.8721985516
2224700136,346631.6613291271
1250200418,338137.8096577979
5416500840,361616.92567354854
7335400345,158571.69888494682
3776300010,924936.6826712819
8857320130,508991.5952739354
424069206,800003.1428319827
3592500985,1159432.3577503255
9828701295,335734.10238280415
2621750340,297010.80097031745
7334401000,264408.16288585006
3286800110,586999.6798697247
1722069097,478749.56966883515
3574770030,499663.2185037122
1336300610,1103141.134852914
7230900100,341103.56788340333
6141100320,393414.630768393
2767602356,704318.3772204604
476000017,457305.4953090003
2558600100,450187.28008417593
3500100015,304275.7504613925
4074300150,429865.35071360826
8907500070,4533740.7455083355
4388000260,202626.22735512967
2475900850,246694.82320273865
7852010900,557580.4458350382
318500300,690841.4442002854
9200000050,170300.8669477023
1026069106,512285.0587841944
205000120,686933.3464774142
2616800600,875206.720078543
921049141,727403.7784069871
2023069059,765239.2548092321
7229900145,419350.74858599144
4376800010,534463.365318622
4389201095,3151743.8274394013
826069127,512075.0390240795
2310000250,291891.14084953273
4058801225,340720.34550957324
6600220550,430320.6231342803
3585300194,1474458.7443172124
2594200375,450443.6680549953
1102000514,772282.5459565211
1862400471,412697.9950904779
6928000440,296448.28418164665
9578060470,523916.5982587898
8732020670,272129.8934751699
1823069088,324136.16298035585
8712100350,1245710.0127996772
3420069055,366775.96017176873
4229900140,251490.44731533466
8682280490,413138.4160927899
3830630310,251994.33139299724
5100400251,379873.4412937036
1737100830,648513.9947822329
1630700276,469480.9306719792
6326000205,435548.6474995732
3426049284,3724219.1476844666
3814900260,408101.3235997122
7403200050,2079260.0233937297
1725059252,760219.5515865132
8899200570,325625.7242076603
4137000700,274059.8656872442
1115300270,760465.2616440933
3904920380,622874.9367890073
2695600195,373363.56161100144
9542100135,836812.9762518607
1552510160,394028.1721783259
1823059241,711190.8298222054
2193320450,615337.666209758
1122069006,581631.6662328771
7853340330,396525.7445318599
1954420380,507253.2644089399
7299600530,278037.3111364507
1760650670,276594.0663149357
6819100080,557801.1974596285
2767704649,463616.5933687028
2424059035,901497.6324836928
1566100400,349230.53633189225
5255690060,492866.34057678195
8860500130,413273.0354195368
7349650120,306483.7431792593
3291800670,460333.183148149
3764650010,511803.44952221663
5416500950,420544.5052403789
7973202712,215419.33092929906
3291800120,232126.07721500288
9211500620,232815.8363942513
8643200020,364219.6245898315
9197100101,200270.74552407317
3531900060,319248.0689652043
8842400071,394682.54888137267
6844701680,477604.3499619681
6413600285,444599.6818319929
5196410260,983008.1721362022
824069121,711729.5763293155
3876313120,422615.8456674043
269000030,1014115.658914732
1560930070,735976.8168453063
4435000705,214650.03562685876
9542400025,823769.1910585964
2470200020,1916242.034210096
7519000580,527158.0022345663
1226059101,527976.7357559215
4449800063,451691.8433273931
2815600305,730960.194883521
3821200050,205148.59903928044
2644900110,374438.8016399659
8058500005,391188.66695307405
1099760230,228249.68393399494
1954430180,510696.78503562574
7853360480,481291.18846014485
7229100040,322804.93084383046
1432400120,214924.10427881868
1898200080,348968.0289911923
4054520100,877942.8808426702
2568200140,739692.185167873
587550010,755633.4205401255
4154303215,834304.6676847688
6358900070,894025.629195368
3277801640,440973.0530255186
6209000165,302551.0936450951
6143000020,281070.9025106189
2591780180,426818.19349864556
5412400170,259977.9511748905
5466350120,266085.1187564694
2877104196,668484.9808518327
3222059007,316176.72423755686
7957600025,245619.74422503525
2698200210,257840.32407518258
3764500230,539102.6793384748
414100630,353669.9989122646
8029740060,355516.94917511614
1426049054,351092.47100243694
546001060,727909.8226307314
3277801417,429135.5569816005
3630120970,766163.0613837184
2326059080,982273.1276410635
3278612370,366559.28431802674
4024700100,308078.9658895802
7697870860,241173.93619015758
8562900240,693197.1215631391
4059400585,205566.83812026487
5703000050,475935.60952734255
7701990560,805620.6203376544
1760650610,333423.01578036626
5408100035,451600.7335491091
1370800560,1241184.8972486227
2880100240,490691.288246506
3630060150,564373.6708408488
6071700020,515709.5426854002
2473002500,399149.83445092506
2768300650,524464.3152591705
3523089019,710069.1175356819
2787250190,506686.271235117
9477940440,419867.8485692675
8732030440,279738.72886296874
236500050,306101.130332276
993000100,815398.9344139501
5466700360,243917.18774989244
7203220300,875406.8008195503
8682292180,408433.55253740057
5209200010,464647.3998055164
7853360990,383235.0559577882
8663310010,436614.7791254248
2313900165,531501.2985156185
6114600030,620987.4811638045
3303990030,789800.3275914891
6679000960,347149.1754587321
8161000230,577099.0373457414
9510860060,722165.9440441949
1223089083,793601.6546466625
2721049059,281761.8789420158
2523039278,294058.3693448428
9826700707,483707.86512842844
2159900120,457827.4303183312
2767600635,682134.995493999
3812400455,391432.1916792944
7852030960,388564.2840739902
319500080,666730.9692214354
1061500360,300158.1225812373
1787600209,388385.0422263111
7888700030,558938.0368286633
3623500260,1025739.7946557621
4219400520,1431725.1913381668
518500460,2599351.177581895
2500600297,271463.1380944794
7283900010,295087.3961571154
9225900055,322108.19181541493
4036800925,414447.83699902636
7967900150,378915.3300079588
1782000130,437167.14049480367
3163600015,140085.42817412733
254000075,384436.5149142109
1424059022,1029169.6444113668
2768200090,740670.5909805262
4319200505,509258.339479849
1592000780,627419.5839052715
1687910100,554416.7415915472
5200100115,582156.1940374882
3751600176,209670.32095751126
5608010650,981803.7427607517
2051200506,304882.2692103421
2781280310,284158.63373289804
1023059190,282905.45292999083
2787310130,268987.48508142005
4358700100,400784.5148927899
3121069036,539199.704190734
1959700225,667714.625504404
3205500230,361426.32876951096
7974200937,490386.6375563067
6819100111,923018.9795011191
6146600175,166876.5753746583
1525069095,914435.7177354614
1231000510,350943.70565116446
4122700040,1031844.6529685131
2426039314,284155.8356366976
2013200390,260376.46833481741
1854900330,701704.0352777658
1923300135,608027.6432645597
582000135,524842.7907344655
587800130,280787.8987305278
7840800135,212157.57220898144
6116500366,435889.2483220345
6392002635,595377.3714088226
5361700020,358834.23985973303
106000395,391212.31820781925
7199330390,367730.0882428963
2484700155,635439.064727087
4038300070,457022.05782404717
9407101850,318756.3519839918
293610040,626511.9619448496
7202360760,846795.3952132983
5608010750,1176482.3222390045
7236500025,325624.8481701213
9144300120,337931.52212496276
1454100267,426489.6424664963
1377800135,677679.9062030503
7967700570,243841.35505432085
1562100220,647095.9549489992
2923039243,398115.6052356112
868002080,849808.188636833
7137960460,268513.2150467285
1023089096,310812.52444936516
3262300818,2060577.4861228175
8563050110,566771.1408460963
7137300245,419461.55749963416
4365200630,417560.3626281675
4100500070,1678542.6434720398
3821400200,234624.0024123718
5379803386,250035.6535093984
4237901075,619666.8235019398
8118600155,368136.5387650727
8946780080,848683.1682944545
1428000970,408686.81843225495
7011201004,693760.2544887585
2799800180,363533.16183472273
522059130,273643.6907414222
4315701163,679082.7075343848
3649100387,442319.12167059194
2125410210,455662.39817892754
3224900130,219079.7812345114
6798100661,299171.30452909693
3626039325,841960.6504510307
8730000270,364878.26120182883
6065301040,920742.1985456225
1665400165,235111.6394239903
2203500140,412782.43140702863
4058800875,344006.96905956574
5076700025,416599.4612250869
7853420110,626009.2176439129
7818700480,322902.42785633646
8658303080,320043.64650787145
3187600100,570353.2570468357
4077800518,347274.43374065566
2470100110,4545625.390199773
3451000206,306495.3338478087
1843200350,163848.721948625
7904700126,384703.1889179857
9430000070,274089.08510878537
6003500749,578059.3042308349
7701990700,794256.7360827194
1310820150,351948.44490675407
3975400190,578487.7762137249
4100000050,631207.6457113228
7202270700,578562.1480935145
7370600020,622123.9406845998
126059225,457841.49331663514
106000015,400787.1581193123
4458800060,1078038.4204075888
8944290090,241676.22144583816
8682250330,635337.7104170076
9834200390,485215.1046145784
3275880100,718269.1986000137
7227501190,247057.85008592802
1796100010,614354.3913018478
3831200210,280972.84594469285
2521039066,278688.7297350863
7701800050,418166.2936629399
3904960910,678786.7679349955
5647900670,256588.46238710752
7234600796,504831.3212190201
3021059244,217896.14680826827
7787400030,1774463.1039102683
2051200436,644141.8474807863
8820901415,334321.8727480148
3523069047,826494.125991365
9194101388,485935.7254885558
7277100610,337501.9675549862
9471200370,1754439.1750312725
2767800140,650918.5694907135
3629870110,552587.6901739045
9136102057,565116.3793087326
8648900060,502476.170223513
3678900110,412940.1719535071
2767600150,476336.12685124035
1972201511,644739.4652471617
6055000430,479776.4890303526
6624030050,390640.99290308746
2215450150,320201.49982874247
2767603824,455010.08298281813
3585900460,755455.4345950759
2922069134,417896.53998307243
9267200062,359520.0798193143
7228500425,535338.3312926656
1089000190,890829.2308830784
3359500960,500949.2832101826
5152100160,396256.4533115121
7230300060,354036.28413096827
2423059067,466821.5575192678
8016250060,252742.2539292671
2524059267,1090613.0169230397
1438000440,522487.3667451802
3326069026,661105.8093217226
9353300600,306222.8422958131
8691410060,697489.7940663997
6332940070,496533.39516098
1310980110,293866.6318227885
7428000120,221674.09522394786
3626079040,658874.8185241361
2722049077,281919.8455447897
984220290,291898.13870672905
5347200160,235394.66466059734
4154303655,488135.64436055016
2953000250,259555.0119850351
9523102447,672596.220256719
5104511840,392592.0722714072
3448740250,455097.7304306975
4219400290,1025040.4292302924
5152100060,476774.46185791754
3279000460,229140.95893685363
1102001274,921477.8343101935
1251200155,1184310.1644561037
2025700740,266181.5023247772
3820350050,349219.67598347086
1245000438,781033.646595853
7853230200,452435.3320335925
3832200070,247725.0520704328
2926049400,452273.37258724
1246700251,828122.2437524403
6372000155,575401.0387047486
7950300670,351341.4674668208
7518504130,575793.7976248533
9286100200,409322.2740814725
3992700585,444389.9457937092
7234600786,796976.3709315156
5476800069,374309.40346104983
1126059201,1387601.2827325927
9527000090,523396.2233123916
402000115,295670.8695281749
8818400450,1054347.7400041055
2475900840,268002.08493549435
1437500015,229780.6842469978
2848700095,468428.15087572153
1529300135,338051.81955558487
2597520090,731697.3136890059
7812801125,203762.13045464846
3343903647,411001.128124649
1951600250,184091.21252333754
9542840590,273726.2450178553
8081010040,1264644.6075337033
3262301355,1576683.1944967473
1861400068,449240.2880859929
3295900490,457032.2944268415
4345000440,245086.78393822396
4219400465,979277.9126152612
3797700030,260031.06424223786
3204300860,722504.8011641522
1930301555,511329.1546063684
8807300130,356740.90133102465
4391600035,289077.17426345893
5021900140,1730064.291797533
2946000590,256019.26864141918
686400210,518609.25567005563
3365900462,232178.8028835048
8682262170,407993.2297580496
7312400325,365791.4321219907
3760100100,384964.1091060224
3579000410,457544.2022648785
1773100755,473448.1355290581
7129300175,345019.2101204978
6303400965,236333.74778655035
1328320440,336685.1393468873
3686900025,252730.14794287764
1221039066,400062.6159897481
7950304095,326580.4503772162
3585900785,984036.4947174147
9455200329,526399.3032387061
629410130,760275.0258272298
1994200375,607786.1721053272
6669200370,967393.3267285342
7262200150,255401.38410348375
7504010750,570365.6714614258
5253300173,301989.62116303504
3395040200,260606.97626124963
322069109,423774.6258648982
4054510270,1023081.2697855886
1710400005,557493.3204582825
8644300170,697108.740155799
2450000290,1134626.5132562781
6102400166,779149.1166203651
1934800087,424679.70023107796
3333000775,291164.0609356326
5393600509,303771.6622230733
621069039,347686.117909812
3343903611,620436.6946150239
2954400020,1167985.9746448363
7972000010,216203.01208974337
7214810510,473101.794867407
5561300540,477591.6820405384
2634500070,403372.67676850135
6822100310,704918.2069684536
9201000100,781426.0686993321
1072100085,324930.5700078371
6190701146,430860.52961943386
3277800845,254132.27912412782
112900020,336679.5697416656
1324059048,624690.3151683327
7979900126,388798.675215462
7199330370,408358.4845464079
6381500720,422492.7900933626
8078550190,298365.190378545
7853440140,788353.406808221
6300000396,346469.54166335595
3374500250,366933.9966599437
3343901188,266329.50785664906
6979900010,856734.9102434302
7199340320,584631.5732075506
1112000125,340648.6451845417
9269200150,339093.56605373655
5104510210,304865.2975817458
925059219,601710.9500034379
100600320,192654.01730563663
1789900080,257690.78906721532
2123049142,303123.53290909476
2459900040,509249.65407491924
3902300450,562896.9186958062
7250000065,324706.8093933716
7823700005,294542.75846752763
3750605247,219163.90408149984
2771601730,563920.7985785067
3298600440,384395.47706175037
9141100005,520158.86830922635
8682262190,428061.13217864244
9407111250,250965.69240253934
1336800010,1516444.0116458023
2255500060,604156.6162165914
7950302345,292061.97131954104
8658303585,266395.0104189926
9184700600,1149124.2664814093
8068000440,288462.281129925
1310000130,302440.3916834341
7853221330,756634.0780733604
1222029077,358938.47928716056
8562891100,336222.86499123083
2517000260,362460.55744816485
2225300149,349320.12926751573
8651410330,170797.31213612173
2413910050,580502.1026902416
9407100720,288497.5673088456
2112700920,337155.63235267263
3761700251,851462.3554516708
1036400100,649347.9337931137
3585300365,596126.6412313819
8562750060,880181.586930876
2719100042,560366.7884044008
952007055,393631.56086253375
925049318,591602.9551171459
7203220260,996387.5375512032
9320990140,289433.6731675905
8567450140,513361.7483711238
5379800810,180988.81560486462
7784000100,538118.3556884794
3992700475,401641.5501112247
7905380280,416444.9816902636
943100683,393521.98600305256
8029770470,563414.8023877664
2818600060,1024677.2201694628
1226039124,449911.33685489104
726049184,283089.4596003703
795001930,230635.0985993732
339350150,754989.2053273956
1332700270,276849.61342984904
7548300170,619353.3451391021
6141100330,404145.33068890596
647100096,817845.6562788644
6744700423,421595.12082734087
2895800750,289705.76167356083
4046600220,315514.7988159659
8809200070,390906.3165108122
293700110,854446.0431251072
4178500440,250364.64524066506
4358700164,248712.859203451
9197100263,242378.33073555524
2426039313,300157.04145471577
9468200163,610374.5716615282
475000190,513620.7725699442
7504180170,441071.72485150286
4036800170,476714.3371190212
2561330040,480771.7943084075
4123400340,525523.1690710018
524069115,862428.9581268628
4047200850,351008.3821513083
8651440230,226655.00684305615
3905030140,550614.9841839077
510000641,655789.9974727612
8663370020,419401.3826735335
2883200760,646271.302236775
1980200384,744082.592386239
9468200140,481014.87118572445
1796370150,258920.4953929556
9238900085,559593.6390186095
9191201325,605899.4834722654
2538400060,929552.0760735236
3758900037,950104.9219652314
2472920800,412179.8068526505
321030150,345193.42790593405
2571910100,317020.611411979
1423910670,278748.2521288096
1118500030,788085.6822098636
1939000010,657597.4513561376
1776460190,441378.1788400306
7504400290,659591.8864917589
3448700070,414446.24691835063
7518501025,566458.3725325034
923059252,506617.63022695016
1431700210,250812.22897717764
8635760480,571141.4149802142
9175600025,1266166.2932102506
7922720250,551900.1537820913
8944360390,514070.97708200914
8948500065,215173.49864693065
8669160310,267298.49927037914
6117502745,489094.8160445289
1789800020,368354.5411661543
226039186,333728.57822185545
6457000080,276991.8130570092
9557300080,542247.0119889181
8562790480,662372.7117926348
6430500008,529286.0568800115
1604590230,820580.8873487983
9542850290,692357.0873328223
7831800395,247113.39052472034
3317500030,1203213.6372913583
624101110,747346.1236490251
3654200039,398778.84121703706
7856000150,861343.1187202216
4338800685,297038.7767322237
3211230300,408185.7526453501
3904910650,585929.0282519836
3598600088,258768.88306744213
3796000400,348112.7974202854
7972601280,461428.20051176107
1450300050,249733.81209699062
7504050090,762888.1276002105
9202650130,549730.132798376
2419600075,355701.4686991022
1224049005,860682.4394265135
7129303240,322547.5982942666
1922059135,228318.71656276024
7852020250,652686.4176071639
4139910180,1602379.188858089
4222300040,294360.9958768973
1024069027,1006153.0712719247
8944600620,493755.64687468664
5040800060,765771.48510137
1036400200,650914.1280483315
7899800915,254081.1468386957
3325069025,515840.5550370076
9408300310,599266.6102370007
1773100604,347971.7126740412
5451100490,1024215.515762489
9536602080,186396.23658433222
9828702055,394251.5464689631
3362401758,473940.6612976536
476000333,440912.18505063996
4364700730,335177.90673122316
5559200020,244596.2995058469
7522600110,243221.22599667695
104510440,231509.97934922815
8820901275,563346.4494928644
3298700125,266915.9532804869
323089172,431845.6236082305
5364200477,605135.8237656214
2222900082,371988.2550109234
6641800020,648856.8353092499
9358001422,313595.3803286474
3438501150,277089.00965181843
2206500430,481722.04362952325
9272201318,599374.0085627458
585000095,640100.7989977058
7708210050,541562.1358969394
9407000840,295037.405952666
4027701265,516359.3827326034
8644210050,796602.4507288442
8656800020,366219.1815794927
3329520170,218878.53340139185
5104520720,317709.3670266598
3806000005,156638.1484644587
2330000015,754585.065178758
1447600410,274821.60255769285
8641500252,422875.3276561715
6084600420,269240.1375803283
441000115,447966.00203765096
2597490030,673732.849365861
650000030,774566.3438369442
3585210200,385087.08370746695
5416501030,408052.4517075657
5406500170,637232.7530361457
2916200065,451505.70911678567
3330501975,444659.30274484726
1774220070,567940.1291583134
8731730710,218785.08875331798
7861500150,423192.1334272437
1402630190,393642.9410416574
9117000230,298402.2752756847
7133300380,724740.6746872731
4232400470,689563.2999328611
1773100972,321039.64214844065
9413400165,256161.2073695849
7658600025,436018.4451147473
6909700040,931633.1194213425
1402900380,292561.29010873084
6625910100,485800.49784298625
3204900010,560849.6307064007
5162100820,332883.39049877546
5560000480,162827.1539698822
1704900303,516333.7764967724
8084900170,1666590.0120298113
2887700091,733022.0505660531
4331400190,293170.15445993264
3762900130,382547.33651500515
52000067,614616.4127192821
5430300120,840799.902309299
8956000460,641985.2762944164
8856950310,270417.2892273898
3364900156,313613.8283673781
9310300211,306981.68789473944
6448000020,1429018.7800573478
123039570,373448.0491974114
7600065,547078.697919898
3123039171,513045.68339071417
8964800445,1708935.556645749
7857000732,357899.1679408276
7525410090,563278.7868259753
9541600350,746964.750149176
3186600515,780139.3733159789
4123820450,322755.37808327895
2505500030,1012253.1833426326
1541700240,316641.35991058307
6629300120,401132.99075202347
7399800150,488369.9579869995
9517200180,346691.7744160558
1313300340,511909.00197010144
7967650010,372231.240799385
8807810090,395084.9185571564
8815400670,782450.7364645744
2310030500,282448.8224488977
2241700075,309019.8365951501
2287400030,302611.50256414915
2827100075,270530.5762898495
1310700390,306455.10956627206
5498100010,451285.685072631
723000114,1443844.5189651828
6431000987,478719.0659068994
3356407665,218750.52968383676
7852110050,546899.2710095671
8677900123,439306.168729697
1917300260,211164.99451265408
3396800280,578943.9829273224
8691420050,839404.5793888139
9368700006,296012.285674777
339600290,431736.4800747179
1592000250,594353.405971549
1471701780,328854.45613711554
8928100205,699617.9878466086
5029450100,214681.95883326358
5493110080,2414414.0197461895
7883603750,282120.9793701632
1732800175,942630.4661789207
1518000290,354345.54862795863
8604900017,570039.535871937
5379805160,299468.0210718501
1254200835,562672.5773604085
3179100482,444769.11901154066
3313600266,197571.18426967235
976000879,782137.1299817133
8819900220,625860.2103597714
2130701535,294970.23186558
1176001124,601912.3405218557
7893805650,258329.47737742928
3885806840,830831.8331061174
3625600190,1336194.4988177812
8562790150,828800.4823147052
7348200115,208757.36850357938
955000453,496219.97938565846
6817810310,385821.49572902103
4040400340,473414.0410248763
1644500050,717474.782559612
8029500100,331951.7311117484
5244801230,758055.174239433
1115100119,368050.4823693194
9542400010,878361.4798539556
423059387,577497.9799317791
4023500990,297935.533212523
7899800857,286600.91969477327
2976800796,217093.25871611817
1074100020,310947.4596171491
446000010,579319.6737095697
7942601200,447934.4861805283
3575305495,758585.9844937522
8691310040,774354.9819390806
6117500430,657925.2644167128
3924500130,577251.3093656807
2028701075,496800.80313118343
4330600360,250881.68037746655
1324079082,429850.0537607
9268200484,698774.6904890118
9828701605,586039.4059372148
7518506715,1000874.4877360153
5315100277,1201203.4368239676
3942900115,402979.92307147937
1561930020,465255.8294960676
9510970090,643974.6858754945
6163900821,346306.572095369
9510300220,542862.5556536012
3869900146,288878.07878105127
9262800208,792253.7336905494
2522029039,548602.6983513818
6865200095,643836.7839555959
3782760040,447662.0664925341
4237901250,647717.7592232645
2891000610,219166.1134048463
2749600095,507403.2695054628
5422810010,361834.1466186801
3629980350,747218.2923950439
2459500070,287189.01212276035
5113400364,675741.991447282
7533800885,699914.9756245776
629410190,745475.3917547101
8651431100,195908.33363472827
7960100050,554124.4228553493
1842200040,439548.60479906935
425200205,233276.68027959115
9477201470,352346.9737778558
7905200365,562780.8603757174
6381500635,289700.7825863424
6052400175,348747.6102946557
1236300268,504178.2063505362
6072800265,1677339.0757150939
3423049311,210641.00024500745
3755100540,371455.940859444
7852150120,359324.38285075914
4180300050,363912.15859538165
7625701935,329861.88694188785
7132300550,391952.7500969605
3025059093,3496921.9774938384
8161000220,428785.29051781737
7852011020,607759.8491818259
2599200160,331747.2004467584
5536500020,546306.7543124516
2095600150,262485.67317323765
8910500226,385094.51953659457
1681400010,747354.9466028705
1424069110,725144.555264636
5127001620,306092.4251727924
7940710070,396349.60048193036
2413300980,295165.7447543589
7853400250,579778.1984968142
9542801310,304294.2995594739
1890000169,493676.96722024307
2720000120,290480.5271970033
9424400105,464495.008653081
7888780090,267817.161867351
3501100280,356659.9810574886
3905100220,493277.9595817223
723000150,883039.5968535657
8691310980,734869.2256931042
2297400250,480687.94383477373
2892600056,238627.48849389027
5273200080,528510.1338624008
5145100460,477019.06488646124
5561401260,556730.0780360862
7732650040,906565.9524079702
7504101280,897582.4958875595
8581400345,260480.12541585887
7129302800,412239.2326409503
9551201560,586749.3104687773
1546600020,627210.6227906086
2648000071,262646.97876519075
3339900640,229337.4299929157
7853301240,436599.1049504471
943100262,290047.1820948248
7202430150,815889.3872290902
3558000120,328516.30445621524
3890600150,487904.93213304324
7452500315,245408.97937355598
7173700591,645227.0909164068
438000015,683521.8081014553
928000020,382000.7305730161
3830700010,391172.52807754616
3845100640,384389.5698314808
6675500112,363759.82534363994
1773100920,327177.0082715086
9485940330,401808.9454491001
5561000600,483272.8978706541
1786830090,614406.1609844851
2011000020,250677.82323694552
8024200681,375382.2756938761
5452301810,1721340.3846491962
5515600075,255305.98126800693
357000135,1177232.2418372685
2541100010,607346.6998467592
1090000036,590316.3592891765
3459100300,413466.7777707665
2450000295,1078718.1585229642
162500015,383243.4894369223
2592210290,765190.7793195451
5101405265,506513.3368260692
1122069019,706531.6417177491
7501000220,874190.2255551628
1310900140,307404.4301593964
3298700941,247286.8823210416
1972200382,406668.8869258272
5100402764,489028.4320226631
2623069069,661788.3363430937
6372000280,513961.87201457826
4305600240,487460.64966344734
2767602094,551905.9162838213
2500600289,191249.65785451882
7203160090,842326.3061664075
3521069146,518395.1247372059
824059321,1733291.0486573966
9348700610,799482.9335426663
7228501745,512137.88544752944
6021503656,438620.5828650753
5437400630,555139.8025625426
2207100740,412340.709089419
7202000220,434297.87171054096
629811340,722861.3686635104
1324079029,345440.445034213
418000010,187733.1618955707
6303400290,198822.82075469385
4139910030,1307029.7347460538
3023039066,385132.7824545514
8698600395,193460.05287604462
2799800710,343514.5474668084
7351200050,742078.7805695265
8564860270,512593.46649187506
2591830020,429154.6711249863
4139420430,1602940.0819668404
9828201725,489084.83468463627
2420069604,277267.729436389
7224000315,201566.33907517578
3861470120,2120421.4539544582
3222069151,288739.10132332717
3869900155,369973.6656677014
123039346,336337.71799999964
305010050,653963.2696519006
2141340040,714032.5088999949
7504021310,654741.1199470976
2436700315,548974.6414728868
8732750100,358508.84601255634
3298201290,358344.4222206059
9241900150,1048381.4099172349
1180005220,250605.171763218
5540000050,282893.944705452
9211520400,243707.11871166687
2623029078,380821.0544506532
7132300695,433071.792139529
6430500219,453313.9429825322
6084200100,367755.1376649207
7140200280,257244.67938742894
3904910610,653479.3698955567
7625701900,441902.3907620831
9432900560,330262.2081250789
1388600110,232182.97790829165
9126101201,320194.07749882934
4224100030,413949.43561663525
1109000390,557590.5749315593
3336000296,241112.72852312683
7504100590,770548.7979539979
2025701060,261206.16873143645
7527410080,598176.0446865885
7304301045,272985.3830605906
2591840050,434417.29790478013
2767602490,439994.673611436
5494000040,1196449.1903031587
2473251090,268067.72334875393
3825500080,499381.6566242469
2309710150,332443.0641302437
8901001335,687150.8133292715
1781500435,466736.9377685077
8835220200,332018.68696065905
4037500335,540682.8879357191
1338300180,1679545.6048300713
7968000120,254129.3218392334
686050100,1003798.9510594438
1180008315,225583.18534407124
1657300280,401621.5009720339
7856600170,741233.9124324309
4154303125,618111.4558857161
3295730050,590472.5025772747
1777500090,693162.4913168076
203600470,632274.30392261
6673050020,406247.03211903
8731980680,277290.8490493421
2273600260,575312.5809258749
1000102,304781.90274911636
4197400005,509834.157534481
3378100100,268792.0951061674
7856620210,777921.0110213879
9275700765,847149.3089417033
1246700136,410645.47213817085
4239400740,154555.67541151406
3306300630,190165.53979920092
2524049056,1116535.2982797085
2023049245,228342.34045749914
3210400340,280206.8766936336
2621760350,308299.7956717038
526059183,400978.7830766584
8078460050,647792.2993582243
7504110050,655877.6718087461
3876312840,395408.3749406951
9268850350,365212.821011781
8085400490,1149510.9005213908
2722059185,514311.0064282465
3644100101,344665.78726925794
1321700030,719355.9072718039
5608000630,1415861.9062892382
825059349,1333570.4285259391
6083000071,204749.31582809906
9164100105,601362.0815913441
1425059145,420324.6077326532
5210200184,528861.891374653
9477201370,435351.2016419693
2927600630,740677.6256052228
2619920170,825757.4368890093
1560930450,532673.5970293303
2896000510,534211.5506411773
3034200067,597684.2009422549
4025300360,380118.81498076714
3362401295,523552.850578965
2391600555,396939.0477169808
7550801170,501934.3444099595
5347200175,286238.94796571805
8910500471,408123.05994038755
7199340560,450714.4855896856
9266700175,425065.17787412275
808300270,424608.9263595779
2487200875,508457.485303255
8728100781,334280.936811439
5379804888,275170.35060168256
6619510060,468689.57238767453
5416500680,433212.94619600225
1862400087,479337.28627758264
2126049277,399757.1226109676
4137000070,306015.1657462954
8081500060,2147403.1698982054
686800065,1060961.9744558008
5561100180,572562.114589089
798000342,289313.8713769525
5603700095,543452.6727829617
7151700585,1254488.3313780117
8129700565,629533.0446727494
2782100260,672817.3191024092
7011201106,381262.2052687167
2423069084,603222.5861052441
8141300300,315248.1952503563
6601200040,302127.21202604036
290200230,644652.4738652193
1423900220,240435.16182511093
7303200450,238618.73256152298
3755100220,365840.7818067856
796000235,240115.43282154415
7237501040,1137238.8459291975
7203220400,888270.1905628805
9285800275,807324.1384740784
2061100435,516572.183117984
6414100025,531813.5099163007
5317100750,2466490.1199656324
6145601000,436909.0926764359
5634500775,459540.442139834
7375300160,611057.0224396453
9558050360,526708.4600403211
4151800420,510919.05838049814
3751600146,197767.4663793851
5302400080,572342.4212002233
357000005,613502.6190690075
7283900306,460708.87880695105
3738900105,332335.14502490254
6822100305,618795.4664039054
7436000205,541261.423840429
3295730040,575839.4872229681
1526300015,389083.2971783153
3294700101,254093.1569604057
8864000970,213546.65582879426
5469502700,385708.214683454
8078520310,249272.52854306324
6154900130,320214.6225490164
8945200830,200308.7094273641
1085623630,409864.8868215608
4013800131,217118.3138426809
2287000010,700053.2188313653
546000930,640413.2907289293
4051100390,238796.85917151172
7203100120,652201.9265120851
7523850150,295615.46960941306
3826000665,272760.55607921246
1311800560,213449.57837053473
2877102180,488973.619857222
3221059044,751140.0917135155
9169600110,536256.0129764236
9510920040,789251.2181446652
8813400155,803311.2552658214
3896100130,1099773.5601277687
2568200740,711727.5129596746
1217000340,315773.45016142656
6430500086,437045.4800017092
5634500234,519694.376244729
825049073,490415.6208528739
2391601445,1084521.1906708602
7881500330,485652.66507711017
1721801591,127530.72097781653
2473390710,317367.095460635
5634500891,352039.39962640684
5515600163,490260.53400202194
2560805630,245573.0269717115
8078350280,617871.7849304714
9477201060,390746.42903547984
8827901350,748858.2051608041
3560800040,405655.6608761223
3034200370,528521.4451427615
1328300040,364172.5795315131
2483200010,640765.6431155811
6071800480,401121.02461663476
6200017,194981.45151453733
8149600065,854072.3360206506
3362400615,477491.4994750732
7518502945,516876.4793686236
8001210120,259156.3414745578
8682280340,503197.2680671746
3623500408,2583702.1415177872
3764650070,463923.7259763412
7937600380,386638.0173116109
923000580,688105.561292955
217500005,398406.61875030195
5419800510,251981.38560370638
8562901250,554544.5920759618
2212200100,285188.3763020571
2310100240,351720.5282196992
8582010240,690266.2160962693
8651410670,175691.89688887427
3330501645,276651.68107712414
8113101232,394200.22939307365
7849202190,294766.03781024256
1864700300,324546.7099445195
5231000060,282083.87454856077
1565900070,236095.4552183662
7555220140,695529.2948698901
7518505160,399894.4293228257
3322049005,627027.6438759824
808300550,437157.4799569609
66000265,415277.24728430324
2880100675,363009.8316857831
1524079156,411851.8064813262
3625700010,1647015.0095620549
3259400024,359012.4201131574
3205000310,383183.4906957685
807800190,276326.4987387475
2783600210,458649.08017074957
9290870040,824944.1693623053
2561360120,419814.64319988067
8857100180,398716.07183928945
4388000070,222771.99908021197
3860900003,940595.8218244535
1176001119,591368.9411881816
6084600330,238996.24872054253
7985000100,234374.40611192066
8026200080,369055.1616930267
3210600010,728538.062783697
7558300170,501181.93467250624
7852180340,436706.0068940882
524069011,663048.6881518058
3361401011,141391.57083383817
6117502455,286450.35728718695
5602000025,212257.29807460858
4142450490,310835.02587059693
5306100255,344218.4437867743
1795900120,538064.2984423038
1193000280,892223.0300252996
9238480120,535323.1432605453
3630200780,867175.9136751364
1250201130,459740.5967830159
7796000095,1283283.325637191
8635760040,501136.0345449621
9476700135,295320.6959387662
5249804510,509669.3342835551
40000553,234022.1956977825
3204300625,748518.1355089269
2596400050,385271.6243938815
2724069103,397062.5548890322
3744000040,441268.16372354823
7525100590,443259.1971530129
3705900292,458106.6875213909
6169900790,1597618.5489027638
8127700735,991365.0549624655
3761700067,1066275.8111617109
6065300570,1004316.3113517204
4022902050,488694.32069683063
3886902590,540611.8852844716
4107100190,2302706.2479152153
2909300150,659147.4653925615
384000135,463763.9302905882
1005000036,388236.8758946132
8856970530,318504.37268225534
3448900320,573879.772033005
6713700100,373790.0188990935
2260300060,2302102.630901595
7273100026,670881.0745143499
1277000020,883337.4346751664
2620069113,335765.1602009656
4166800080,329314.1132708779
8731902680,260721.20349334067
2599200830,223538.06915662237
7569500010,694823.3899585065
1825069031,699516.5002785006
4443801495,565538.8769983469
7805450110,754468.8125435296
3345700207,578915.9009428188
1560920450,872849.7713248277
3629950010,435005.9366454317
3782100035,280519.0442242812
5561400340,721182.4167533146
1898310110,264142.8344641365
2122039094,635498.295284341
631000040,594930.5549711604
293000145,360097.6730813043
8121100015,434264.66539187613
3205200430,399710.79683940834
2475900565,318039.2152296088
1651500040,2050227.9959077083
3955900500,415640.48330476414
7907600100,282400.55189328914
3123039136,358334.8865357561
3972900735,287085.3111237682
1424059130,454843.30955110706
6792200282,246963.88512726355
910000104,281795.22586339334
3751600784,321502.38176065113
946000295,468749.2449342109
7749500070,324034.5327366358
255550070,338540.0174795406
5151600340,290982.07708637696
5415300060,530663.6830533312
287000110,508502.8325943534
7585000110,196047.89004042197
8121200460,498643.535469925
6891100090,857701.3942305802
7575600100,290050.3242521361
4240400140,579367.1640519659
4046500510,294291.2545226665
2944010240,1063981.0963021868
3449820380,572967.8958938183
7203102140,336653.78520848183
8665900291,529581.836669433
1775930010,414321.4565410128
1118001631,1357535.8872883609
8911000445,312610.079615697
117000100,667980.6042595818
9284800085,460424.29242048087
2795000080,482767.8058099107
123039207,308176.2553837136
1312200080,220001.72239750475
1236300290,1259974.856224609
7549800168,460860.3366395583
6891100260,857745.355469292
6072000910,524141.1614897266
3226049184,409429.6126100286
1442880320,501271.4847851395
23500190,559796.8040100374
6021502070,563470.741915985
4168000110,194699.7889721159
792000006,180084.24377450743
9558200210,218408.24689497738
3840700757,664959.7953532187
3876311650,546989.5783695328
1328320800,343159.34311586095
5006000170,247835.56915237295
7575600430,255775.04693850325
7686202580,192000.8003007542
2524069097,1932916.6240153527
4292300024,364947.28058911883
2726049071,325183.9952403655
3526039019,771338.2904068475
3300701365,434648.2950243549
1274500170,218190.4491653698
7282300095,278716.5226960945
8562740440,675522.5974773928
3761100045,2967751.164414517
2877104265,912369.4464839561
7940710100,517151.31737275637
6071000030,789028.4667331155
6448000100,1556659.3963255808
2923500230,2403157.885221318
6751300375,434418.66630695295
7214810350,453042.1632971678
1088800470,556841.9170283838
7129300420,242496.0777334528
6149700405,313354.71644398366
9521100855,471643.1395140097
1861400116,725335.8914652008
2787460720,243761.82468078515
6073240060,639057.8263469486
291310100,442382.78712176037
1247100035,1019592.9171014434
2626069030,2061069.3603643042
1326059085,576124.3852513449
6447300265,4265121.970727125
8651401270,183671.5568246972
3524039209,1006265.9549645063
3226069049,1155807.3515365028
7548300425,392940.51228842937
1438000360,512150.1166523382
1777600900,721744.4249481569
5244800695,481671.11319038767
3387900390,264178.09533329116
1954700615,1201093.2966133018
1026049036,297481.4112142601
1683500180,231504.80730339297
1939130420,625976.6233933204
2021200530,981132.607036493
993002325,418573.3084075114
2780900220,296696.17775517644
2540800390,462714.2044003221
2919700540,625972.858552766
2787250090,504558.58089800004
8651442520,246629.3093454249
100600860,200509.08233103633
1437580480,954163.6553025718
3886902505,696508.1175326859
173000140,393570.2378327829
5151800045,516562.86656880827
3010300240,541105.7352581088
2085200261,303750.9276249338
1839500065,265231.1895761968
1049010300,410115.399441244
1328340540,319435.1061071577
8887001625,448560.6377462648
5332200320,660496.5244481444
7137960030,288909.5396806972
5468780250,328649.58306960296
2436200715,570186.2778829576
5137800030,310076.9759006335
1068000520,1185036.0955155692
5379805121,397482.89720621315
7445000105,438334.29643133335
7942601895,726515.6765032421
1727850350,1074434.5740464819
9407150310,315466.1522200056
5569620550,713347.7416086133
3179100480,470670.9535975219
3624039111,236279.79954955875
7844200050,291976.5568312614
3304040020,387747.97522813926
7739100155,681442.1640735505
6099400053,178691.92174649073
7468900270,199402.7645324646
396100025,356321.44329596095
1160000255,354906.6343629039
6300000320,370033.69486724143
6392000570,349362.2110049754
7387500235,359441.01405551936
1121000058,583041.6396463343
9828702120,537880.7632983517
7715800310,438261.49343642424
8562740370,734583.9728695658
5637500070,418313.8623034303
5561400470,624135.4162236038
1189000205,460926.0260875334
2412100025,371105.74409897596
1073100065,329028.6571849756
5160300020,525050.1492909202
2770601677,553415.6958407105
5104450070,450618.3563201258
820079043,424649.21114439383
751000190,353505.05155793164
1823049179,388687.2316409739
7430200060,1377651.599898423
3331000035,491959.0187997416
1775910370,527070.2481676886
3626039299,556553.3250285983
1546600125,655560.2571486118
3260810150,312235.21012404433
6817800330,271927.31102894945
414100045,377660.27699117357
1326039061,362874.48989944713
4055700030,1316529.8709002647
1225069038,2208100.263649393
2296700260,423134.2426190279
2822049160,234251.5455755635
3395300260,507895.9689359102
5144000036,326414.18487866607
809002290,846941.4460451321
7334501410,330346.1725425555
421049114,189695.0383087551
2623069010,814724.4043170649
1133000144,548885.1786435592
705710290,351124.9657887059
7313200120,607966.8218473145
1269200150,318651.18283847533
9264930970,308312.4145994854
6819100020,2064547.827276236
5112800421,274068.69858991884
7846700850,269656.21537466266
7227501450,245311.47619164546
5451210150,651964.398186507
4140900140,379318.336547951
3537900180,840047.8201716528
7738500475,443690.61556650075
3541600450,434060.26010641863
5379800040,330616.6277664401
6664900330,272043.7903736425
6056100312,304076.88130434306
7766200013,579182.91256254
8651720470,459310.88283611205
5690500095,825118.8972928944
5423010180,761887.0324001155
3204300610,537250.376338636
3425059066,560473.0348851845
7856660130,1058761.612704112
2954400520,1267885.2512859006
2327000110,898259.7690767386
9526600340,714887.2409768391
7695500200,457866.50281598413
7237501180,1098956.8998487957
2008000550,271681.128177561
1123059126,546612.7458958633
1775500371,853530.1304179771
3459900230,1686471.2727317493
2619950310,490552.5150721436
1771100330,292326.6501519779
1321059097,364992.3258555785
2420069278,285753.2385227065
3832050570,311197.8264826387
7132300525,452987.69277933566
8691410700,706262.8983716543
7967000150,322467.14617658424
1328300810,372143.7166880984
711000110,1308703.3455896145
9485951460,439244.12827312574
1771000970,330645.8459973323
2817100900,272939.9186888103
6817800630,391761.0104709113
3558900450,498340.8248119332
7215400770,381744.5958696861
4222000320,210691.5277816109
2791500270,266677.9158268309
424069018,788918.7498273844
9547205180,655918.7229649281
5631500947,559715.4040791086
1425059193,1191341.8304797986
567000775,440660.8622462064
3904900610,501094.4039126125
3649100346,389788.6949166342
1624049228,462760.8587899215
1559900080,346013.5733709446
2919702040,605006.9168576073
4013800206,202575.86884495997
1025039292,1056193.1813197094
2771604640,717813.8187460192
7203600550,240813.6335262947
1545802830,274754.2201556221
3303910010,624811.9944524716
8617000060,820893.4269355149
7889600190,250034.6469663124
3325069064,533196.0828689553
6300000337,541755.8805982426
1172000150,335837.8960171749
3348401319,385922.5636140609
4188000490,841907.3041912025
7779200355,647993.8474135357
8029900110,435747.6102116952
4060000290,220537.17244211858
9475710040,385520.8785079762
798000535,221792.48763128422
6415100410,403275.2259670675
4299700095,280983.2378180544
6117500955,412917.35309746873
2421039075,233746.1989070297
3362401935,496043.4282421291
1545800205,285177.2728552337
7645900235,712923.5452252496
4141000060,1154999.776573553
9485800050,686512.704608554
2436700280,796775.9417173364
7335400400,224172.54988618658
9294300495,749528.8665476136
6649300190,429026.58250858606
7950303270,393262.5250737468
2391601010,409803.2964003438
8129700728,620464.3672386445
7871500685,548393.9958787593
1498304065,508608.553809512
3862710010,439156.0659182089
9209900335,550827.2317135222
952006857,345316.82688430167
2322069168,617596.6879119691
1775801090,481680.63405599975
5700002165,517198.69307712966
4029400080,405076.4448811073
7796100080,872013.8386931949
9279700150,1765564.95149115
3876200060,421574.9442204201
2934800025,322976.52706515393
9359100101,994560.2248574281
3330500335,345726.5760293227
4027700466,360234.97071716125
3204800430,394345.8332728932
5415350770,667172.0119843018
1443550020,501980.10858770227
2810600022,318694.784479626
1238500281,602082.7643727274
2591020140,477925.4015389168
7137900960,232859.9281440942
1328340630,304333.02041559346
3529200190,327615.73278728005
1624049291,823947.8550476689
4083301120,668737.8348426977
1873100060,649346.0974925117
1773101159,284467.37416049594
7214700350,515348.72953236726
3856902250,568837.9967847387
7169500130,523316.72868862253
4038300010,416926.2733991113
9578500810,425041.12836002547
3345100184,360588.15550093947
452001860,471367.01496062224
7905200037,525819.6106277637
9376301110,487879.51079752017
873900240,291221.2963590633
8682262400,401321.7664221054
7227500910,162814.87645048302
2392100090,478048.1295091686
3221079050,445726.30840322434
4307320280,346446.86253555596
3211270170,493664.1287352018
726059483,661122.9678578462
424049043,723315.402997057
6865200140,608538.7044275227
1155640050,431404.9020664097
4139430250,1487073.1435160104
818500100,200269.51579189903
7999600180,175624.83220451543
4099501215,862934.74451905
4046700140,374092.10209636524
8857600490,217570.31813697246
8677900120,471311.44874588586
5379805253,189785.4556389846
9211510410,244133.57731812727
2337000150,266768.43772673083
1423049029,283254.53931299766
4036800580,460735.06846838695
3942900010,367988.4601933226
3438502715,372146.5375564421
7625702441,390107.72921335784
3905100610,489152.50488576945
2218000335,474451.4836616399
3034200516,392984.23790406494
8024200625,403721.94941533264
8564500020,329630.56986155745
9550202700,498429.5611819146
7518508625,672534.3060575512
1822350070,372479.42290431797
8921000040,839813.000516247
6648150090,1614186.5311754493
2402100675,673133.7087351179
42000127,274394.68310989917
5100401160,485771.43690370757
7347600507,239743.00817279427
1839910300,332871.5163444913
1250201550,797704.5711094865
9460000010,292235.83815452806
3356402232,201327.83411398545
6819100150,679967.038386327
8645501330,273556.14610141615
1556200005,800523.5331406967
40000228,164907.52814139889
7300410010,369378.8934058554
4299000030,361986.2479062146
2629600016,524092.5797420618
662310900,369694.44202406734
1909600046,478345.3955494616
7893207490,199714.34778827938
2524049318,1705296.4825429374
924069210,715681.8390851826
1591600527,329395.9294485606
98000060,1195816.7366149435
6392002020,646811.8806346159
2719100400,457053.9541535891
8018600655,484418.171735374
2141500020,451821.6462965445
3277801580,480149.27068958944
7237500110,1054261.874302311
626100023,517946.38542843057
4319200820,358583.3480800982
1422029138,610311.7287972395
9517200610,373468.29023039114
7334600280,290191.96621319454
8820902400,492680.7278323823
8944600060,546696.7822496655
100100050,314614.48296841554
8074200100,246382.05353055874
1836980240,765188.9911788626
6648500440,304691.99397509126
9530100225,658887.4891221382
2883200875,638180.6847133375
4218400175,996073.5519797486
1022069183,610134.6142680356
6398000171,480154.85687487933
5021900160,684234.0666421365
8078410250,568024.5210910083
7972602490,296487.51630358596
1962200435,788729.674783723
7221400285,221620.32101586132
273900030,228347.93305484529
2708450020,529636.2917912456
4083306616,431034.9323479467
3034200435,601933.8625166923
7855000550,1249743.013531882
871000155,609408.1017380115
8024201714,517259.9242489155
2625069038,1342347.3218277656
2324800350,841607.0717210965
5450900010,1387829.2395533773
1822039225,490167.1438153528
2460700700,277330.4106711779
6679001060,311338.98223243764
2422059111,302537.2596737822
1250200345,286916.95008579135
5589300370,356635.959491366
2021201000,1340922.1578831181
4302200336,272458.8912379646
1328330290,343313.8522587023
3438500781,380328.4051692657
5453700020,757023.7491400758
123039147,373319.6559496977
8691310070,875946.1479381752
6450303785,313541.0107424801
114100234,469611.37165187515
9212900820,482789.38287800644
4270600025,301789.5954465491
7201600190,484484.68095556134
521049227,874297.4446747539
6300500479,405990.2704678081
1432600100,213687.5037481666
1024000109,337316.6922651733
1430800100,358406.1405012098
9164100125,574177.7597058926
1925069183,501893.5784717518
7852160080,881309.8214470319
5317100780,1394593.4040781953
4083304835,530822.8842982313
9478400080,750209.0293182512
4463400195,208000.6015819444
4232901525,540899.0259277121
3845101070,403261.7533126694
1843130980,306720.0477366509
3810000480,317134.26724546344
7137960440,289917.89756224764
1231001115,357371.92579345225
5101405340,512649.15976424766
3723800409,597224.6436679201
8651430370,195866.68513821383
6135300010,247882.03948702055
23520380,495911.54971200204
2935400100,542082.2280433656
6137500320,914408.759112469
7841300230,337588.02435090946
3521069051,486431.82939073094
2621400080,296440.46155967226
5104530240,333384.16550778184
2022069200,453039.56007919903
5469501850,396956.7477981504
9206950110,290427.9852414664
3298300210,368468.9609116313
2810600015,453171.5846956503
7298050090,521340.1105603509
7202290620,467430.54289126064
3211290370,417103.8095528078
1591600506,347366.3983467984
2827100070,359035.32312559715
2482410130,380045.3429932534
4364200125,396979.78868594073
6388910730,541301.6876619963
7436500120,534880.6854896554
1822059156,788178.7183820186
9432750190,500538.10456735856
2205700405,437083.9745922626
6056111370,273100.48181552853
3205500160,397329.0704380736
6139100076,400236.16785820405
723069135,421505.0774416572
4123830070,308778.73179982475
2472920740,451085.27625573793
6134500220,637307.2001742225
2734100395,250053.82961489895
3574800090,433788.71083818196
3126049107,570628.5540180804
669000210,1059571.2971202661
1139000620,296419.09404105064
3825311190,708822.1770687231
7300400320,386304.52598457143
9407150250,290622.67228864395
3679400503,316858.8387029193
641900050,383230.0534102715
9169100130,619333.718975614
8091800140,316228.9388570157
9547201155,521399.2962946039
4154302045,270260.9445446754
6638900265,753967.3391657071
1423069063,430185.6916484599
3335000025,440039.76034419535
9269200650,270013.6795419571
1781500180,368003.8852739416
9211500520,225881.86296541957
1853080150,871912.3513933296
2767704756,455566.8676584021
2206700295,431195.68144947133
2557000380,298860.6221371379
11520200,749101.3075799767
3832710680,242009.8798502874
2569500210,326117.22922588023
5230300210,244045.5676749246
6447300225,1605611.867428943
5035300325,1107357.2936382985
7853301660,747444.487703238
5411800250,375721.6910070931
7203210170,706959.072360803
4302200415,311888.80017675477
7942100290,217707.38695054193
3629860160,794867.8641348667
1423069076,563302.8385205453
525049085,600202.2239509015
3306200230,221479.78163573664
2193310300,490979.44714204554
7978800621,233855.27492748763
4027700632,437173.7028463006
1761100190,228041.73409649954
2749600245,520267.8422321319
322069141,473538.98354361265
1900000035,218942.39843418545
3361400190,188495.5157472392
1604602050,533456.9274457907
9421500160,481390.92224438075
7788400180,297766.4096083461
1566100625,474503.3473612553
3861500340,237631.08497846485
2524069072,332565.4938773231
3013300980,476894.54054331884
4191500130,585129.0425839458
9407150130,308256.37026495783
3904902500,693796.423196525
9510900140,246205.04321865196
3368900084,309002.6975944042
3432501415,321933.2056733101
4254000540,477614.29322434333
2767603250,588417.2292733226
2923501130,647983.1368552669
9183703045,285382.8499584404
5279100675,321429.48980956327
3905080310,506791.7381511525
2461900375,694865.1659640931
3346300356,575847.836401871
1865000110,372311.80579766957
9264930400,293084.3230439255
3447000100,652485.9294984333
2313900510,495360.7322155335
7518507330,581342.4897169846
9368700270,228503.69986646905
1137400420,381082.87032456114
2023069054,366562.0765014375
2141320230,630691.0209418891
9536601295,353861.40850745264
2424400130,341584.8361846017
5210200081,433541.682177909
4443800785,535683.5274257626
7292700005,512682.40946187655
9834201205,302224.79226763715
3275800050,264251.0513400496
6926700654,655194.1858323213
7511000140,1360847.522590857
6821101895,641643.5340876296
8964800695,1305988.9690501504
6821100195,681927.0747325314
1226059105,607543.3392965364
2806300070,1248680.7056212234
1720069029,346157.150812456
6384300020,480420.679479276
8928100125,613066.1498882303
8562770720,591341.9952666936
8650300130,725183.3398055849
2126059172,458926.81526091293
8812401450,777291.1395596532
6646200280,611201.5069696822
4021100045,509300.17136042577
1155620190,413800.453473758
6061000010,385578.4675697208
3362400472,361225.61348620796
9558020240,486631.53033070255
7309100270,511671.78611754696
7137950210,318656.2750589183
7849200635,199749.67283359566
1311200460,244205.85274636187
284000095,1300273.4804638536
1509700050,315492.2993086846
3438503014,265283.12080144667
9406450090,358075.22283674625
5096300140,399510.93866284774
8923600020,1418492.9354486298
809001070,659230.3748821255
2291400342,297939.172287721
644210020,841390.7214538208
6700390090,252431.8252001303
5631500285,757293.3776247639
104560120,280637.3826876441
6413100311,380923.4824672674
2558700090,428906.0373986587
1471590060,717349.6738116173
8914100170,562777.1990515509
5652601035,327510.5495437104
7852120140,755337.7303238902
6163900952,364676.13255506376
5215200050,797966.3440390816
6352600490,718130.0555054964
3912000020,583853.7813427272
8830400135,229025.90952254966
5467500040,412716.0205076503
9406570300,413866.73897373665
109200390,222685.24509459798
2025770310,681217.9567465694
1939120450,646550.776554401
7524900003,2739583.480401879
3755000120,357665.5916131435
2473002850,526814.4113995368
7625703945,378834.5064363239
9477000190,407852.86080269155
1727500230,409717.1743831276
7011201087,434542.6788703925
5561300750,480713.80935108557
3969300030,195278.60214990305
8097000330,320772.2439103205
2025049064,730932.3718894967
985001321,231044.5905031937
1775500050,463904.85808120144
8849300160,410364.66486854077
2316400285,523108.5744291069
2423020180,626045.7492213665
7128300500,458993.94658788596
9512501400,410008.2958019451
7200179,213646.7780359504
5490210670,510669.48748374986
9527000330,610742.4743830948
1972200326,527951.8944188457
4151800195,603676.050480526
4046500320,353886.366527314
9834200885,484642.4493426126
8161020050,528749.7196620303
2891000750,217495.2776494443
3426049031,1247825.9051047626
7387500195,272250.64783855656
6303400395,146598.53929517273
638100015,423907.47268660454
4107100204,2098780.747971407
537000255,226226.21749907476
985001266,263945.2487308571
1137410040,447383.28411521396
7229900250,242408.82474214674
3905100840,515021.451199192
8100400160,662490.4682710469
1346300150,2896931.6044867737
1443501020,203909.96842439045
5490700035,356748.57123875327
1954600050,397010.9057385529
8122100690,467130.5645825077
3663000070,477234.89982411976
5101406375,490058.87420157035
426059055,599150.7594469002
9268850160,399418.20926745253
8731800840,255369.4868391653
3331001910,298898.8318057821
7603100020,1003250.7868979999
809002705,740032.9257250441
4364200075,294532.3932807863
1113000430,189419.72321951983
1176001117,658291.9960050957
3320000212,388808.8953521964
9286000150,1485273.578574855
301400830,250892.4138166795
425059024,666684.1973887114
8835350300,517262.6716591981
7100000135,285051.13333056995
7696600240,208081.47367009643
9808640320,1033439.6766049745
3764500180,578029.6815313617
326049060,563199.1917815135
4017110200,416871.23551170237
7224500300,242116.82083251822
1560930050,560195.3083577666
726059395,407603.8353464154
8964800890,2425321.503986471
4045500620,573815.8150269787
8562710250,926041.2857799601
1775800710,356338.7543645431
9528102865,721317.9170732595
8096000060,708926.5545402806
1591000015,288998.312799598
2310000430,290576.5162739118
3902300350,606688.5618283979
4068300280,276676.6187525844
8732130730,240018.7718369158
6791100410,532599.7137740855
7660100236,410334.95062105544
2568200070,818652.1557658334
7697870310,256552.45962434544
8562901100,614626.7383109475
4016800120,306562.3932974641
7338200180,578239.9201811423
6791400320,246470.74691989794
616000200,437626.7444861543
2917200675,472035.144169274
2926049086,630533.7013678115
3621059048,470417.1978786389
7987401095,680229.2094077099
5589900590,355210.01602911646
855700170,512203.37950211484
4030500130,297254.5887909423
1755700060,362136.4409461983
2413900050,721553.0542634297
2489200250,491528.0557198987
420000085,234888.72004937133
8106300820,448552.41137522855
8651730580,446489.9409118518
8106300090,436316.07849986694
9842300095,419125.71232424764
9477000280,380900.67574381735
2877102495,438587.7091386367
868001030,1017872.148163235
8564860110,546378.4669419145
6762700452,534976.5360159953
3294700310,194549.1549816162
7231501665,253495.90938839447
7525900050,526201.3326321011
7882600326,1392120.78495098
104550690,294651.86284594296
3425059076,1169653.8369571709
8835770170,1745792.8002426862
2581300010,1153598.0417566346
844000180,254084.8289463935
7888100240,239749.72938649385
3845100670,472955.26113387936
4027700812,470302.3555621965
291310390,337061.6924548013
9550200370,617182.5721277971
2328800130,287946.87709646724
2372800100,244185.19646098954
2923039264,632396.1369561324
9282801720,303702.60669987946
9520900230,574192.1492364279
985000955,245965.76843117602
1099600090,225552.12594921762
9211010320,538557.1306140727
3825310820,771088.6755459092
9545240180,576692.8678536442
87000245,198504.29712998113
5041300100,598031.966287068
3624039150,243000.20621417448
1370804430,555198.99281023
722079056,483328.2409999714
9126100815,521059.3788980889
1770000490,345257.0002620764
3995700250,390065.111819299
7214820400,396320.6160649455
2473411130,359150.4785097683
1824059079,981827.737381996
3080000030,465746.2300648317
984200540,304841.5952289207
524059063,1705538.45286119
9482700475,716560.6351633994
8024200820,518962.5987391551
8568700015,383660.74777013256
1223089050,360814.70280180825
2205500400,453082.66259049997
1279300085,710101.9279035162
7376300085,486013.772667034
322069020,452644.34559777525
291310150,353786.82199909416
724069059,1762845.9979350476
5255200220,394736.4642595241
1931300850,417404.9098539097
4427100105,416574.4610682661
2881700231,375830.2257595063
8641500280,277211.4322700902
5406500440,656900.1082589068
8078390150,665557.0539430188
8945300090,202188.8829102023
8819901030,784928.3361537424
3179100220,817813.980852346
2126079046,436890.573853211
2621750350,334823.05758193374
4014400190,481474.64313717495
7853420110,604771.5631007359
2114700368,301164.9249718211
3438501081,280861.927532901
6850700670,732054.300286835
3352402272,245590.06142616845
4157600150,662910.225489349
8151600941,271002.3399818861
5160300030,560741.4538418631
3820350120,323721.0796786354
7338000800,188130.18091687045
3359500110,755953.124691734
8016300240,646090.1390065576
7203120050,811780.8883107995
3322049201,229480.24036070198
7231502505,228667.84509159302
8106100105,3964294.587984078
3895100039,956983.2504538198
1001200035,228612.47655127538
2724201202,225448.9936250769
4038100110,532796.1713785467
8827900015,575736.0081907024
2644900109,399853.8975921115
302000375,219957.4558997824
1604600095,399597.0237835805
2600040160,606581.6553815048
2129700525,303775.74590979033
603000555,352291.13151470537
4083302225,833920.0882597873
7298000090,434907.0795295093
2484700015,545244.8268958414
8945100320,193896.32797137334
5112800042,460060.0395469494
8091411100,291997.1361550664
7375100070,456392.7806838821
7577700061,585064.5129057938
7923700030,468746.60097966465
4235400186,380671.7490690695
1498303700,673391.0958244649
3876312350,406617.37210510334
3797001815,413675.0512351206
868002015,1504785.7924388796
597000550,417585.6035032647
8956200530,393536.535292541
2207100165,504622.15226071107
7942100180,223129.2413950887
2468800040,351449.2475149343
9842300036,395147.6481635747
5700003985,1867758.5426757247
2988000070,390664.99705383973
8857320260,505023.1109212137
2600040130,508993.00980362174
6632900452,583236.5281224744
7518505910,526055.607343159
1672000170,587280.3215567546
2597800010,561177.6098117612
8562790720,790646.2218103264
4219401080,1715615.2948482942
7000100711,792857.2789330179
7954000125,608071.1677215999
5700003640,1768269.7964562422
5700000275,725121.6285142908
4019301205,465946.69033962954
8943600360,280658.3916970097
2954400400,1196425.7373851181
1321400060,255570.26800943783
2255500123,619129.5189164982
2781260070,416279.5143440483
1313000220,676666.3400590111
1125069153,1383418.411492948
8899000310,264034.5043921147
4139450360,850760.7988228906
5511600315,536679.4098045708
3575302575,487546.5632983874
3226049054,490033.45337232394
274100090,298662.26916712243
1545802080,253325.78655796958
6669020500,294480.9456724082
3307700405,498525.32702728524
3760500407,1745138.0352741857
7853270100,704839.6790403404
9320350020,502206.50682884787
7715800430,464934.6143444061
6791400100,348047.2394467903
7708000010,389082.8776051708
1448800010,276185.3536733868
1782500035,345521.4543162375
3449500050,501670.4967527899
2856100515,884420.4623047371
1245000461,974022.4016276288
1219000043,338491.21205730754
5409800110,384009.10645794566
2680700010,611364.4212956264
8143100350,381206.3729071855
2597150270,287491.7468488483
2966800010,324655.32206108357
8854000010,757995.7679649987
2207200635,440856.63763952116
1722059222,305253.01169783645
9358002305,406072.18847167585
6392001950,469005.96074480744
3630080070,389059.2906574768
3797001702,941892.8801453954
8127700440,649418.7982317165
1446400785,220970.43034818748
5016002275,1010130.5100781128
2818100060,1200477.283386835
6431000748,382086.5241813475
7972600450,313538.313654654
8078570380,327856.4841113616
7889601320,187749.263222599
1762600280,915076.7279841227
3026059085,1764125.63921198
3475000080,661483.7530814745
1370802620,566622.0605436031
5151600285,287199.1613809536
2722049218,321006.4306900972
7696300080,388125.30925072817
4168100020,222822.28536725958
1474000050,427172.252987931
2473480350,319354.7291233869
1139600270,287282.7865749095
6699940120,370184.3184420292
7016100120,411587.87267792673
6752510010,741604.583744885
7915100490,632259.3623088999
984210170,329269.86708453746
6159400030,420580.16591007356
3013300968,403365.67456831055
6404600006,232456.4454910542
2770602170,424869.6503006946
1922059401,206138.46471376784
291300010,359908.1277378779
3856905185,507068.59653795155
7304300905,334796.71716259344
3416600185,554008.2198936878
1786810040,668666.2106195402
4354700010,410005.6992242
3902100175,821760.8706892447
4305600360,501455.89202729135
3622069114,589020.044009503
4376700570,674686.3574931097
6795100589,553237.5286300963
3344500085,463294.7087204643
2206500105,412844.80691851483
8731900880,358825.5763776389
1682000160,214638.05529815468
5104200380,252147.32216761765
1982201595,584033.6944746929
795002190,195776.05819815464
7228500375,522369.8610939583
9412200280,436756.8722616451
5071401000,855214.9926563785
597000566,324313.5529003944
8151600101,152735.22536580137
2028700265,531126.3044015996
1670400090,138127.6275998654
7851980100,1081835.5025255745
5595900345,439815.45890016685
4046700300,315663.81865071686
4324210120,277220.05005756323
2616800050,588542.3106224361
1525079069,696556.6600813535
9828201020,540533.6987589654
2723069146,681384.1252742081
9468200100,525766.6031226298
2883200961,529302.3670394782
1137300690,647062.5880016325
2473100280,372029.44333655125
723049448,245322.63370477594
3066410810,649165.9586246916
5700003280,1022012.3539961108
9268200440,419004.6190918467
4053200410,294714.71488148515
1234000704,1250703.202529071
2473372170,419013.803979616
2523039239,249700.87147845613
4324500490,205306.93449284023
238000244,457373.39617052884
1105000571,362679.61998413916
1771000430,304136.39190694725
666000142,792985.0926451007
3389900800,406449.5600871576
3578700017,555197.3497535442
3629970190,736914.3166476648
255450250,335921.71184351685
1154100205,266816.03791697446
3629890190,1127203.2637218416
3905080870,524655.266192506
8155820110,304668.90833312226
5135000170,746895.8901907281
2464400435,668773.004831813
9482700080,533311.1862582379
318900080,458980.81553289376
9477001410,381260.79902386473
825079019,632663.7161872545
1471701200,380117.062992133
5606000120,855826.4426876131
7853350220,607380.7485317743
1776460110,427092.37871592824
3904920980,667341.9939227526
8087800430,581960.0867032141
3298200320,395891.6545537862
9122500080,301818.07952047314
7893804845,310046.1485930425
1370803730,596747.6966532858
8001450170,306428.8102447046
5561400260,650205.1033640174
7308600010,746149.7731894413
3524039060,339523.0078872757
7300400150,361667.7198459956
207700050,552094.8040510322
5595900355,226652.88508926684
2652500285,861883.8387134816
6744701310,2517623.68032934
525069127,1419294.2823881619
3334000050,392601.1470352976
8682220390,679983.6923575681
4038700380,577945.5769244626
8073000265,391037.3160879209
9521100960,721147.752004518
5634500688,942723.18123466
6813600440,406939.2184767745
1072010350,524119.66533573676
7853301700,679996.9391945598
5141000571,279695.16330661776
2013802060,600580.4359981898
7852070210,1213515.3975760858
1402970070,348810.2516751664
2310040020,365742.8091322597
646910560,272146.810756421
6647400090,422177.1376168583
8682231110,549536.3986217027
4376700330,599123.048275999
8069000075,672764.57810425
7147600220,216779.8150465409
4142450330,270838.1843424639
5101404698,408558.86925491923
6154500070,939728.8409619954
1592000640,581679.1384097915
3756900027,545356.2678240734
7203220130,929056.4111269306
643300010,498460.9602681904
8651720150,461721.58252875094
4139400910,764150.9646638578
5054800110,317125.1386487261
8835200330,421289.7781920243
7682200340,255972.26734693378
7203600745,379233.893632593
1895000260,219562.9597315713
7922750020,547810.5761236659
5437200050,387786.21207804146
8732160250,255482.52456741643
1442870440,518179.1152653756
1471700410,407541.2208359557
3204800330,381159.35884547426
1923000160,939113.6558108861
2719100013,430317.6757578314
3814900380,373754.9340898568
326049038,461860.444922772
1068000110,1007716.2233052554
8835800010,991386.7979315913
1560920200,487020.7262771036
1668500090,702738.7901784374
2597530070,860412.8785497323
1139000035,647001.2172442646
8032700072,531513.0999265885
7732300390,703343.3414924411
5130000080,507287.19037527614
9276200890,518685.79996440373
342000036,438526.768189778
5126300060,491612.9026257793
2331300505,680527.2034143874
8651410090,185869.93665997896
200800330,419486.2341989387
7520000616,332863.2055278459
7170200110,486999.0972477365
3021059155,216194.82547187194
3582900280,1033394.9867257978
7340600845,216194.9153289279
3905040060,527828.5066351545
3224800120,297058.89297542674
6021503740,544712.4141451983
2570300130,465772.0814804906
8121100395,424948.50135489425
3356404198,268520.9704161363
3630090050,766680.3719580672
923000413,438051.41390743497
9201300020,1574171.237744277
1777600210,674696.3789349973
7738500731,5312813.920562623
686900010,1029447.7554281282
7967000160,332304.9762043089
3413700130,634804.8281049313
7852190290,592624.9499253003
1180007375,639409.7009002584
3353404510,307424.94982532685
7802900380,330218.4309594411
8021700715,629341.2084386629
3205100080,448526.22762736294
4477000290,524770.0713483898
1118001645,1508697.7732211354
7979900806,318856.3069762591
7228500415,654567.9122125242
7212660640,327587.235182259
3826000735,187398.0705992634
7714000250,421460.029499068
4400200057,684453.7290953465
2487200279,590158.5382592647
7140700690,276273.21372395783
3304300080,596934.5860822429
2887950110,252648.56170776277
3760500222,742894.4421771597
9269200786,351059.9848162325
3734900110,238097.3158148273
5045700400,554539.7226043607
2140950130,450139.0628983177
2612000200,409164.5813232451
8563300085,432104.8622128111
2425059173,655462.7195077279
8091410930,321295.7792136081
9422400035,598126.7655990048
1112000100,639755.2597684063
1323089056,443183.965865886
5015000596,887610.7181037975
1535204165,459800.78068129055
1438000430,498166.80626044655
3222059130,531197.209839479
1982200330,605509.8900817932
6624010010,250792.45969641657
2303900035,3199130.7459348873
259600620,521479.22150573414
6072500490,475510.7247988667
123039633,344449.99702161795
8562780090,314026.24835809786
5249802240,579641.1015143092
6071200400,534656.1754753544
826069002,376336.10026551434
2625079030,719783.1517362788
6742700210,1227247.7068728844
9253900408,1734352.4156489633
2560803085,217724.8360477816
1237500540,423848.8405207484
425069020,1192620.0241766595
9185700440,2415990.2451088694
8656300345,359200.6186002918
4245400045,251909.7318875215
9834201370,407580.819461936
7853300770,419784.5575890163
9551201295,489012.01142768847
898000220,230060.49673483206
3834000720,357714.0155210695
1245500690,745424.1693977414
4083304190,621662.4925259514
4178300080,720549.011934045
2960900045,605052.1250285155
1446801030,244432.0708018084
7855800910,749146.8040032794
7853310150,590041.3431406214
8732131090,285048.46168591257
7967600285,496048.5647266339
8651520510,565942.4589791995
5379802650,242161.81409994507
1425059174,483816.09169657616
627300105,910922.8554709727
3124089049,502945.65469865204
1778350270,720190.028677987
8691500410,382564.45870163344
9169600043,559520.7926612609
100300500,317037.13565391744
3221069054,729843.4609974606
4443800385,507103.9749329814
7922710450,764202.8216480776
7880020030,711103.3422931405
3288020050,326800.39041817794
4136980090,849633.4287625403
1687000240,306623.69722505816
7812801785,235271.85512814793
1126059144,650670.5523658462
792500260,375074.0511496228
3222049055,618035.8409317572
8635750090,657808.8683165675
2767601280,775123.3121052124
5347200162,207133.85196249245
7503800210,264154.82702466176
3394100020,1165540.7078655313
7663700783,397821.492089654
9454200030,435915.8835740179
3791500050,325120.0965739673
582000185,603673.6758498157
3211230260,426095.5430831078
323059103,391982.4112833746
7297700055,344534.51166793297
1545805460,259010.8692935597
2341800195,315158.40058093955
6648700150,274014.78688755777
3860900035,1790889.3988661945
1980200236,608751.4814461989
1180002745,313565.0623985277
3275890310,667252.8991418642
6840701100,527766.1389398662
8651402750,211820.570615512
1588600045,372720.51600109885
2422029094,312027.36922826
1702901500,357970.99875542504
3755100005,479437.49267848575
3624039074,318985.04375487746
7950302995,388836.0411642256
5273200060,672189.9469093966
8025700460,269697.04684286757
280610020,1048015.6859228731
3333002450,208402.8050970638
7379600240,522699.6133700898
4058802300,295208.7282255463
302000065,203303.33751676278
9527000180,565726.562393095
3626039403,333903.07781709783
9510900360,246841.02811300932
2310040230,354361.8869111139
7308900490,655692.9013490479
2206900065,434799.4404200253
324059161,960571.0663482574
7345310100,252563.0831652015
2422049107,310796.0582600248
8146100095,696858.0970815294
87000283,369184.9637437478
7937600010,316899.4040115514
2618300350,234594.1199062944
224069102,532847.2560425495
7129302095,204861.53727865443
7352200025,1171889.7445515448
6163900333,342424.50762687536
3528960020,664387.3282016505
1687000220,306675.0136346792
4141400030,581851.0536077928
1822500160,353162.8575653796
5467910190,323690.98514820234
9331800580,287786.9460197487
2407000405,191605.04891473515
5466700290,278878.73126193514
3026059361,479153.9469531253
1523069096,444948.7937394593
3876312010,425291.29620951286
8832900135,740060.2240352283
9238900616,587364.8917658669
4142450040,293164.23571394046
9282800065,280595.48220721976
5379800862,362951.19422225596
2459950010,274794.161658058
4435000520,243105.66729066483
1552800010,316157.90756726393
7549800543,266420.8380530258
9828200460,447563.4969390463
6345000160,986034.2224816199
7129304105,359491.7970055665
4302201005,311502.39306661783
2450500110,709298.2442068239
5166700050,501353.663141579
1085623710,404837.6021653815
1123049129,290380.8079114025
8566100200,984340.5643179383
1774000780,447020.32627541025
9492500170,844366.1000163251
686530530,640553.5318143985
4022907770,567693.5617776866
6052400975,273455.59159928217
3438502501,415094.47355033166
3758900023,1175841.8687883767
1645000580,272040.60896577744
8099200030,236855.50394437747
7635801371,523494.1482372692
3456000310,884302.7622008978
2025059150,853156.4331896272
2624039114,489006.86949532124
3348401095,304328.20737920445
6633900170,511679.5225180577
2600000510,682145.9573922082
9414700020,350182.22512083384
3204800520,363404.49763372145
1844500025,368205.4084702798
4137010590,392503.4559691438
8564950280,520511.9204716064
1338800491,996334.7131872906
4058801702,804077.6842757218
461004720,610927.0042983447
3123059107,616591.0201098026
6819100380,570268.780201432
1193000390,932934.0627196368
3450300270,344805.80344900786
3110800040,266167.5122384832
1437910090,551678.1613756766
3645500050,432808.3172410021
4338800600,269619.7785794202
2114700530,381415.5325586082
6381500450,351101.0052566043
9206950200,298525.14727837086
4232900940,800954.1463446855
1025049174,1060321.1555869856
7774200070,702856.1355864091
1231000310,454453.0941335933
8155870200,310100.54262781865
7935000625,1163758.2327972483
2426049079,372570.4475205521
4037500230,522038.89051680925
2331550120,321292.78858393786
7974200765,507116.9473059231
686200510,584141.3553259138
4024100670,456549.9959414305
3834500195,470686.9708245018
3526059115,625720.541202573
7950304075,317397.47504000115
1386800054,328878.31621925265
9834200165,634756.8883812493
6147650300,301255.9986791451
6891800360,541288.6728836236
9170500060,594111.5286400848
65000260,877014.3442901394
7784400130,515326.2723312813
7941140070,372435.23501110374
2122049096,178631.47687963996
6003000851,332654.48679164617
7203220050,963361.9122109725
8898700960,296889.1248088079
5245600105,209638.15424113223
3530470190,220654.46864352733
7883603965,279804.3163530411
4022902505,495386.93735944096
3211100240,335978.45963897277
5119010090,513643.99107851484
3821000100,253298.63277472806
7301300050,387014.2412109755
2171400197,385390.6395539972
9471201175,1464173.676784231
2473450200,400045.7943551643
2258500045,407971.7363694887
1139000400,476717.0616893571
3298701025,243887.97452046658
1498302774,236148.39721955857
9276200190,599009.5206718904
2909300240,681722.7823910834
1250200693,585553.5846454249
3101500010,353870.6703063102
2557000630,280331.3983890601
1324300091,374133.7857823411
2826049260,456071.03488153307
3342100421,694161.7904353378
3524049083,372232.7587544357
9103000393,1554316.942327528
3121059033,222144.33626621484
7853240200,582226.71422074
7950700120,305618.0519092301
1822059057,146124.55850596545
1219000473,292739.8053091464
9272201385,678819.4424039751
1336800185,1279071.2488219803
9268851630,442696.428582618
2788400315,248147.04751507638
3529000930,543207.285512246
5631500967,437946.3115832247
2188201010,236520.5623164795
8562970040,715557.33851089
4415600030,412255.57107477554
2473251170,279235.34896904475
7511200020,551936.6283855775
1163400020,254153.6795983388
5412400180,260876.72663277583
255450400,353149.32836926327
1687000210,305920.248694714
6749700004,305683.30053041474
2738650030,574720.574378278
9136100420,732652.4022313973
1924069115,865868.6918921858
714000155,596377.793275705
904000045,668973.887938782
3395070640,273515.0189719645
6308000010,609940.4907053445
2695600130,355783.3159484027
3626039279,392259.1209773447
1623089039,248713.90251054658
3438501327,344428.91573564016
8118600025,393687.8300427901
7625703435,892139.4204696951
1807900300,695665.09650182
1862900360,295367.1288839102
2768100186,479511.1525896122
2524059269,987378.4098738022
1126059108,1010916.5834898117
7856610130,802809.5264857669
7203000200,253097.92477797045
3630120700,761867.8061005587
1612500090,230143.92526602856
3586500620,934112.8127169929
5207200360,439844.49863328337
6675500035,399948.55240118416
1781500385,346699.5973299994
1150900080,874851.3185210642
9541600355,890101.607021208
7525530670,780787.3647988357
844000375,318374.86918387003
9578140180,344944.0016200579
9558041130,332024.80663201417
1788800910,197154.12242136462
9550200225,496102.58416659385
8643200055,249300.43615702892
6143000020,297801.3206702525
8941100095,1066962.6991753494
3630010020,408951.4072833398
2895800610,316285.5869740195
822039084,751564.3453019325
5423600080,568592.7823486867
3992700775,445615.6033206281
3816700150,419917.68436335906
4083302485,738714.347155566
5127000810,333591.39216616255
1725059182,1149531.6943520266
9485930120,370172.6950323578
293850040,624187.923218917
8731981940,307093.4957071029
3330501545,295086.1267694925
1026069061,769651.0107225339
8121200710,500130.9312942728
3764390100,454560.37726111436
9493200010,327910.01700689737
2902201301,612867.0178567827
3444120130,461619.956854267
5256500025,460189.2386991689
4022902715,566970.5327560419
871001500,700081.5073797865
2329700440,187698.1186658507
1773100275,268370.27573741716
7852160070,987492.4585370006
2141330560,584290.4443293844
2505500009,715809.0646780182
8647800150,323051.7619545438
4337000200,275699.2667592647
9264901680,247315.84924948713
1773101050,332639.98089852545
9320990120,302726.73012555076
8856960280,303362.9965784787
5589300585,297415.4975821236
7935000595,1084401.404024577
7203150080,663698.4700849265
5616000030,320925.80619855353
825059178,3806644.701466025
6666830390,742946.5577098613
8732900840,654615.8261865652
2095800520,517563.5080874683
1771000760,343289.79107552767
1901600090,380173.00858270156
8857600680,250169.4231679181
4038700830,635384.2003602555
8956200070,384419.2326880254
8081500050,2241346.7770202183
567000755,451483.2139019433
424069264,710880.9384637167
1564000410,843999.427842824
2817100910,302009.3586978734
3303960080,926524.6899818592
3340401535,180980.10694766443
1622059095,286813.0451025781
3278601940,359290.48143921874
7202380120,460345.45471127273
745500010,770411.1639140953
6608500220,405983.5691701647
8024201055,355927.43179061613
8929000140,427593.1996345305
859000160,301296.23865216883
8673400061,402901.74968112295
1269200229,1072632.013303349
6705850300,796691.6559952219
3395040550,323990.51320116466
1697000370,216473.68232223758
5245600120,241477.94277038024
8892900180,225506.56846534053
1794500360,749872.4325701332
2025049192,556400.4936968448
1930301325,959501.7448602606
4217402162,1264397.443535063
8126300410,547666.5606484438
3345700215,582523.4861762911
2887701420,421178.56683871575
2887701251,450671.26649983536
4036100175,666212.0458924284
6762700515,971818.081553005
3192000085,188445.17831668217
226059096,1397518.3654390112
9238900855,486259.76691568753
6706200130,334197.6781818925
2744000010,265440.2037224127
7202271060,699324.025887821
7923200150,544953.4144882134
162500030,323674.58768250456
2571910210,275675.3915873326
1523059105,327524.4828075431
6052401215,252071.10109844073
6626100260,757347.4271480433
8925100115,1216736.0170072198
5459500165,716421.3013772706
7686202635,190738.12800177504
1118001370,1370962.5656177644
122029066,489021.23441721965
8039900130,325634.0125296085
3262300235,1390814.5175144067
8860500300,328943.2349887276
8956000250,547794.2817760713
1646501920,515599.3963568613
9284801500,408173.8924407967
1442880380,485328.6854139685
1311500020,247424.7816700826
254000695,384667.469237498
9477101280,401582.0507042128
9510970530,698185.3215277214
6891800500,578448.4690747976
9407000230,298133.7452947686
7202340590,728811.2855986903
8151600590,359365.53675652045
9407001600,313271.71069260733
1771000690,301514.6945897021
1525069134,1092648.6181754833
8645540040,284253.7609844819
9414500200,439629.5270303783
7883607645,202647.95000004806
3845100140,326908.48149780865
2726049164,443052.85888924677
4340610040,293571.8093685271
1245003006,1137436.1930907327
1105000373,296602.45531371445
6083000123,210718.5789128382
1777600450,652226.3724510436
9558000100,404490.4771966489
2473002060,313830.7223703787
943100689,340321.8945075295
7544800395,422343.1164920073
1931300090,641937.495276602
7936000252,525627.8446235529
7987400316,262928.7958502647
5152700060,709698.0390110001
1721801025,206261.19432102097
3438501450,309448.32272622
9222400510,407934.85536529514
1796700160,276245.46712322463
323059208,353353.25833275745
3392100050,186130.66033919126
4038500210,739713.092120333
6324000090,449070.5572863586
7549802535,400851.6584927092
3343900326,463476.46896944044
5701700640,797205.5305287949
5249803185,514997.456063978
8838900032,871782.0929589326
1237500577,908726.6564077291
8642600090,321455.0589551453
3303100075,465527.1590976277
2133020020,378996.68128496123
7950302890,469549.8086405962
2770601734,596560.1164080035
2538410140,344882.16974099685
8159600360,577007.6783008802
917000300,413079.1778506673
2391600330,383901.8987913682
9285800585,483290.4241454941
2005950050,239554.33431532368
6450301835,345697.38521722506
2473480520,332551.2160243408
2818600010,1133472.9788074542
952006728,367707.18412595644
3422049088,281207.6300469953
3629870420,962337.4062782027
1079350090,318271.2961796791
1509500060,395792.9804002844
4039000050,505476.1425150229
5288200230,731130.4841224437
626400020,736395.8400570613
5457300095,1600859.7151456557
5000500055,208101.521654919
324000530,440471.8142104212
6713100031,430012.3181418265
3316500200,507328.0819589526
3124059006,1405101.8420071707
1125079111,1497390.3712105134
7852020300,473953.0595999843
123039364,200208.3802932016
7883603190,245058.90965102857
9828700900,557258.3299898567
6821100015,660772.4068025989
9522100375,681097.7623884296
2420069201,240964.57136911334
7504110330,738560.7553974226
475000510,557374.67905414
2425059074,886362.7316342468
7518503685,458546.63044108765
5466400550,222763.4819420807
7852150720,418544.9744188704
3066400140,596274.8460268317
3298400470,489655.64453872835
2902200874,725713.4820690303
9500900110,206859.96826416868
8835200160,342191.55309723585
6056100295,248309.91664226723
1858600042,355693.8594625212
7224500010,285445.737531673
5457801925,868471.2419056185
7575620750,259693.20395416487
2391600735,447913.0451172585
6192400180,742009.469852094
5249803870,534605.2006654013
3575302880,400261.72204073885
7225000045,189108.01176498202
5561720180,272324.2032138149
1972200428,503777.33068835904
892000025,177643.59827979808
2944510080,287077.11882668745
2428100100,801679.4717484353
6647400250,466269.84212495334
121059038,418421.1174580282
6398000191,481886.4224510826
526059103,310950.53240800934
8856960720,298937.9043538747
3832500260,252715.542548193
1623089025,457062.8433799991
3625710080,1078424.6461093873
6446200060,709628.4308971874
5706200370,454459.87817258545
5515600088,231432.2147891547
8029500360,346193.2038784039
6700390150,248797.36093027322
642500080,421335.9729543601
6150700264,367292.4079269068
2473371780,380862.66917463864
3905120540,581156.5208478253
2652501215,737039.6295509603
3176100110,673777.4161930012
7574910650,820708.2227733268
6385800030,314769.6798836055
4443800960,589943.7880419013
8731951490,279264.41452665284
3380900125,342510.62806333776
9828701508,655915.7542525479
6699950310,358615.7801987615
3321049112,430776.3938584006
1824079052,1079642.9347317992
8032700140,806236.5494103711
8679600150,577793.5869120064
5040800120,918478.1262002032
2026059119,403216.98579646467
4024100951,463500.014311376
7212650990,315840.25563002756
936000060,352208.5468568932
6181500340,326795.9025307111
1137400050,415795.06978744874
3324079092,443115.1883222856
4268200055,295265.047182741
6145602240,393941.29715520015
475000176,445691.1283888083
3279000120,228355.72419383415
9392200030,254610.2124597394
3438500714,340446.64433173096
4306500070,370384.6071407895
8588000610,190208.67104937846
792500190,342394.90861479857
2461900850,451932.8498195203
2660500365,362460.60869002144
5451210100,866181.5480442509
2787000040,299580.1504188569
3278602670,242919.15425711856
9528100899,657646.6590558778
1324079085,378232.1803662652
9477001140,373088.4444099217
9521100880,701720.6834632448
7853210060,407112.4710982176
1326069094,462174.54911028635
3420069065,334995.73132128065
5468730280,264796.3909754064
5437600140,330250.9347467164
5127000410,350148.6989982408
5445300050,584727.2923071246
3375300360,232484.06135219455
9297800165,600775.5473521308
6021500840,631461.2689636329
4323700230,425700.0074440748
643000110,251029.56454765415
8043700105,2762343.4659501784
6824100014,434905.18122767005
9542830480,340722.80250722653
736100065,887871.748265949
2592210510,861388.2611873972
4233600260,1042227.9860122374
1266200015,758201.2082299319
2787700060,350446.3735278762
8843900396,370340.1480639991
8029500380,266947.7657608762
5292200010,388877.0371478963
1773100980,325875.5513856607
2886200070,565064.9746416234
8594400110,378310.7853075107
9268850180,338840.1828668044
4141800285,1463275.5929469927
3188100007,456313.82965621864
1796380960,261567.6360373324
7202330030,478351.7570384145
8078440140,547143.8879889671
7983200060,213981.89219823686
4427100025,417633.63328702317
2113700510,286004.1435981739
6446200305,649816.7256855128
3425079088,564600.595914672
3304040130,384869.0670741779
3222069153,291205.1464869054
5127000470,368197.0361299549
7525100520,407116.76360583317
1868902745,813821.861735905
2920700220,383035.3331042933
1105000780,423321.7095211893
8563080020,796868.872190596
3630090110,771244.4813767576
856000195,1974865.6596420417
8649401000,237238.24928385174
1315300095,706620.1032034124
6802200670,245288.49457183667
1523069022,341730.87897241296
2624049165,418396.9710007483
1972202080,578682.0900509844
7211340030,258254.26274609863
8850000180,413447.40727281146
2787250080,522698.5261580098
4235401055,491462.8998896732
5226500250,477005.8874605287
3294700421,314304.57073644036
322069180,646435.7457670995
1025059186,485265.2891912152
1923039022,537871.1920189491
1402600110,393906.6584304959
6817810190,388142.625556988
434000030,636685.5883442775
6056110460,610873.3850954265
4337000285,256895.69936995473
5710610250,551613.19546379
1049010620,247520.15308070433
5112800234,384846.7550638204
2309000060,527173.7557341212
2985800030,435424.3576006347
1604601570,394161.8705559567
1563102435,830139.9757352053
257000105,191021.06967755218
6788201440,869246.2653007605
1442300005,401236.23891986004
4055700784,822071.782969777
3889100029,761911.1254755835
4139450760,993496.129736513
6079500230,667341.221981834
259601010,448882.9437629399
3980300020,257426.91030636916
9390700100,514754.60658016446
7200001005,500863.3927463933
9264920250,272211.39968815364
8682260470,437016.82333398354
4083303815,794774.0770756664
7383450250,355646.4279332608
253600180,401661.16837780894
1450000210,177897.03165499066
1133000100,451936.725689357
7511000050,1193725.9609732598
5710600030,548283.5280060681
4178300310,705315.243628774
3041700570,530998.3151464707
1238500978,406409.9079970173
431500155,586432.1684910146
2937300050,1060175.0678923603
1352300315,196961.1521357509
3277800823,341062.4223658619
8895800110,1103868.8561280165
9274200318,590655.9179645824
1118001805,2092022.6103715019
629810720,803011.0838146191
6852700476,576925.5648922812
7345200650,227992.28915576256
8929000290,448095.11168398085
5506500170,588369.3308982896
8899000140,242744.5368409743
4006000423,292264.0896773738
7137910140,239376.64185738307
2423020010,430581.7333961018
40000362,129373.37033765427
1657000070,224392.5074414413
2124700015,237278.8102694289
1887500045,261042.0282374461
6838000170,463428.72669908736
1310910290,308963.09823174746
3599600276,223322.55266588324
8142000080,375246.1516013833
8856971000,296547.32754396
624100950,778122.6547521396
2767704332,476337.98789314984
405100165,374554.37268488744
6117501755,442534.93513414735
8961950410,300337.8968857954
1523550480,569839.7070263403
6840701160,597686.2216279156
3331500650,273352.66034389957
1862400517,345429.4968145746
9558021000,355184.51512643794
1310800090,210419.79260855453
5104511040,338019.5321262189
522059189,250840.96803581802
3448720020,379222.1517744652
1310700330,278585.7042144385
5649600462,312597.9731650479
1853000510,1039511.2131804299
8128700005,275788.5679140812
6352600210,823534.7793024547
3754500010,723452.9528070809
1962200475,851151.1111931192
1773100765,260599.72703293682
8895800200,944164.1257330701
1310900260,311709.2736466913
809001525,868467.8846479146
2624049103,292679.5380858948
9191200380,616882.9998459385
6600060120,492730.5755616774
8150100045,253006.92645003763
9558010190,359165.23619572626
4038700930,565670.5485247285
2883200775,573167.0002303513
4036800910,459740.03284717887
8673400177,615124.5680260194
7110000068,826470.6051906382
3279000240,243652.21496325728
9545230280,577558.4037017287
8815400105,594948.2921321124
6738700075,842200.4753511506
8732030490,276999.78204482014
9532000070,539969.0840360918
7752400075,522285.98372004624
3824100051,404585.66698348953
2768000270,505818.8336055018
108000127,509091.4992980244
844000225,271444.01683642063
6817850040,979072.7271206705
4447300137,906462.5704830423
8598900125,379901.29874561745
5072410070,533591.6087155499
7129300520,231783.57536763657
3830210020,191379.30964181197
4137040250,291435.9070916104
3022079080,660489.6320294704
722039087,292377.28858822153
3924500040,703748.0919224937
2473381090,354084.419069951
2201500490,423643.47088680894
9265410090,221366.77692748254
9286750100,390673.7823926881
2023700040,617668.8619975123
324000280,699411.5104783332
3814800280,360600.6314823849
7697100030,504521.88026023516
8731900790,310829.737663424
8044700010,591084.4459049726
6123600100,202839.2610475236
1450100390,176253.3416301182
579000550,412694.4523432344
2459000020,315454.9161240384
5016000315,464435.09277513804
1193000190,802085.7016098134
4038700730,555689.7233721075
1556200265,696100.9337271403
6600410170,200554.0300991856
642800130,767587.5839318491
1043000100,372545.9366434521
7809200055,246524.64185774402
7010700308,1023376.637378308
8680500090,563120.9851558002
2719100355,692574.4044290034
7905200147,527444.6379052862
271200130,226830.56393502041
326049103,496253.7764314781
8682211030,438597.32762541686
1070000390,1117251.762436962
8648700450,604700.1668465558
2695600410,428562.8804548082
8562710640,1047517.8258168575
1525200060,616327.4804161054
1822039138,633943.3044224383
2767601375,524099.8568862979
3425069117,1494328.718260292
952004570,346626.27552578086
7625702616,312931.47190695326
9818700430,490903.74572089064
2822059091,246410.56568901357
1775900220,341509.0036567808
6371000079,599680.3749856855
293760150,967215.4541658657
1336800880,1354264.044254097
2771600550,1006289.2552511786
3905040040,508271.8998845625
7787110060,438732.11372190056
7708250040,339806.8961308905
4022901316,482968.66614952707
191100235,986168.7294133181
7852050220,350141.6733409513
3293700480,371801.3565706481
2597450620,1459910.0215841532
6169900580,1519789.563082565
2767602855,731498.8147337118
810000080,932655.3940105883
6392000625,505263.65245997504
1865810290,199711.09268769066
1568100380,333641.8377036453
5249804760,397507.80986679683
1337801060,922090.8575674868
6181410950,248844.76346471
9264900660,291985.6390705906
9122001231,616839.2283610952
4427100030,392814.0782489316
7334400070,286553.3022585846
425079001,737422.0850039758
7436500360,509571.88688576606
1245001295,754914.8965931581
1310500550,296323.72357797076
4047200950,286908.64888890646
9103000455,705343.3290352536
2291400341,319479.0304165631
3876100310,399111.2999723592
7131300031,289960.40181767143
7853380510,689390.9865385469
7409700215,611704.6073331083
5248800250,379139.6581230942
126039323,410079.19430961227
6632300207,375246.61773871444
3826501060,253131.76269442332
8024202520,410545.18300318817
3343901401,485881.98222929327
6431000005,560659.1053959945
9232900075,328790.6241296865
3056700150,227038.60796608368
5104511250,445896.92907571234
3658700510,614771.3256643186
2895110062,311206.71597504703
7454000990,257989.89352101245
4038700680,631953.1785444396
7811220070,587069.5232375617
8091670030,352889.6691622931
3438503045,245468.31249814024
6388900710,497667.03893795906
7956300020,185631.96026656777
1775930440,478947.1582628205
1762600190,899144.5477420107
6600400260,210212.1412870138
8728550150,599755.5784438282
8155500110,644127.2581539813
9169600135,418949.72927394934
1777600490,691941.838954201
125059179,617782.814077149
7558700030,5180506.427016789
1702900624,321766.21238789335
3343901403,549702.5771228751
5101400994,335900.89098610764
5547500050,262637.0995661813
1705400350,357808.1164057904
629810800,898556.1095236758
4104900150,609266.6736517936
7888000390,188351.47609716115
4140900270,378452.11578812834
6649900030,423629.44739251264
820000012,419926.1317181747
6151800080,351795.5789964235
7454001060,272074.60251576244
8682262330,401679.9437404126
1566100010,411316.85695993836
1180500070,431766.46521127335
1112630130,393298.26966007415
3101500090,423698.5787275388
8682310220,681799.8208092249
4032500035,485825.00472517044
1623800440,517314.46676473017
1088400190,254725.7093966635
751000080,400063.3979284346
6675500070,381345.4464703526
2193340140,514696.0216924096
522049074,373721.2633684508
3204500340,255503.11785941146
5104200470,452450.13809896045
7517500611,714250.4804421949
2946002140,233203.022617959
7631800110,995715.4510473241
3529300330,327605.0658287584
3885801970,596626.0839117633
5456000570,1046888.0871188762
4123810090,348006.0412060281
4037000635,524766.9891244915
8079030350,453604.6711652502
1726069060,686955.8625968295
6858700225,226043.23563512438
3356406510,206733.2902424259
5423030040,620999.1372099825
3111300040,452138.8203422778
259800060,495080.7289153795
1972202320,510387.49258708494
5100403818,370602.38024700485
1422700040,244360.759013762
3625049014,3526803.9767770856
7852011040,590616.7349223269
1201500010,686207.2075807628
7195800009,302204.23638137645
9407001320,267177.51212829957
9508850100,609843.1964458036
1328340380,275099.65410451347
3885804305,936932.121655091
7128300630,613838.4202907602
7574000080,405498.32762382564
3744000150,447884.9915072129
2607720150,515298.41385011777
7203190110,749400.9917271783
3904902430,681687.2617940777
11501160,789661.2463936982
9209900315,469031.9311168227
9465910030,582143.2375191329
3622069103,623650.6198777413
3288301010,459353.6971824022
4395600060,892116.7733194797
7694200380,345690.3452210843
9552700550,717842.3308837919
9264921110,282056.25032673916
6738700225,918660.473413799
293620220,872575.6182847596
7525300310,597398.2857672852
3992700036,406400.2793340182
3577300040,465186.58617221273
3812400202,182421.5219860592
2402100055,666085.3420629814
1853080790,838953.470936574
1994200260,633368.670587508
1339300025,837976.3998333506
7616200050,522832.1422692351
4022902555,681112.6236185078
9528102110,623683.9128937793
6613001241,1565548.75368772
3205400240,345233.2753119481
6065300840,1739741.07611289
7852040080,545562.5952074353
1920079039,228925.30871674107
2817910030,454488.45058028656
1563102880,751129.9386399271
8561200110,530710.3109157392
629000605,1240374.5457476182
2781270440,226516.4505946479
6152900273,326938.6702166642
3303950130,360254.06522985286
6411600113,368163.2504595875
4055700167,911793.4044150972
291310310,502900.36867386894
9523100550,827823.0353162586
724069070,1015951.4410227239
2408800120,358113.3833983424
7559600200,653584.3660434437
8165500790,366092.2758084133
7856620870,854106.3086058974
1588600040,357177.1697154199
1023059246,486127.05611672235
1938000140,811903.2182861815
6061400160,377454.3787992878
4167300350,238681.1636775453
8649400790,231742.07529137383
173000036,333144.26084870903
225039049,595997.4054824318
8043700300,2636282.2705989196
3834000400,384683.6096988641
4054530260,1670433.0199085106
8724300010,686645.8507221901
9358002232,365439.15388237825
3298700012,245662.98588933583
1125059071,960610.0716419229
3885805300,522260.50471432507
5315100784,1167951.3539707735
3861400030,814215.6613773294
7202340010,639225.6833044592
7272001805,337537.309299837
2781250230,323106.4056544557
1042700300,861053.5423239481
123039279,207410.62593089123
3760500336,1280662.225427119
6979940100,756191.7130335369
686300880,690694.1283308744
5214500690,438606.3013343532
6021502250,605432.3419879777
1320069223,299217.6794210401
2871000300,775219.3366819076
2724069117,448901.7750909208
1159400220,781452.9452875141
2571900380,291839.8426896936
5528600050,391313.5126686162
7686202730,168122.22954146008
2225059118,872120.0354360377
2558630350,444384.43968555675
3655400060,399812.641960646
9558200080,295304.82951977354
1796100015,580034.9146526443
3378900020,485151.9892421908
5416500040,317959.30743182066
8856004582,201038.98478970118
3812400107,435505.3168217669
6126601445,484301.2623495655
2997800021,444125.45339280635
1211000280,376823.1291025797
766800090,253158.726810444
3224079005,272849.59720175463
619000100,378537.06375189894
4319200620,338627.67799715186
626059335,492294.4049768314
3340401570,333825.20195113204
7015200800,653512.9328908066
8106300510,496627.9464133509
1446110020,463042.2860173665
2872900280,633591.0522690258
8965500320,770245.3672804673
7853300070,505059.35954060935
5652601455,687529.8486398414
7579200915,1075358.5948094379
2641400160,383738.70774721453
203900460,377203.3739815509
2998800040,637771.606745153
7519000170,526907.4127605518
923000425,798946.6699363359
2973800030,199729.3656940642
6430500182,1061664.7685730224
7304301010,365246.9564490097
3861470110,2100194.802405478
2296500136,725780.9731684258
6790950150,716928.1752310146
8123100045,556586.3353994248
3142600130,610094.4486345355
7137970130,313842.60989898944
8656800190,366854.2624764442
7135300046,281648.8029807698
3629960680,424681.6807217954
1133000385,675987.1947171261
1085621960,300537.56837838085
9542802000,218174.7836320901
8151600973,589517.5163382835
7019000050,358660.47957070643
6021501920,613842.8848792409
7399300420,239487.28939710412
7548300731,568297.1312855453
5316100220,994710.0447078234
5152600090,293013.58003970474
1703400470,383875.9639494292
7316400070,292818.09231027233
5561300380,494813.90349127585
2215450100,318649.19621116953
8635750330,632817.090120621
9492500140,840995.2134331282
5315100393,667649.8457401189
8588000315,210999.4665139818
7524200180,236096.3669122966
4235400255,405919.57241673715
326069131,585129.0906764183
4077800026,883438.6110154573
9477000120,345728.6871074586
5608000590,1021574.9594265849
4137050130,284147.43378694716
5249801440,472097.4396124889
9264901510,256467.6101876198
5437820250,201288.44437482444
200500410,496685.8887047616
9407111100,301606.39454766543
126039252,386408.4493316923
6141100255,419590.3830965284
3013300830,385412.40366928774
3271300955,901535.2909465734
3021059276,255742.51717198212
9542000050,684832.0293471608
2769600035,805254.2792920021
3824100364,478634.13195344235
1726069202,407514.6683456921
7327500270,332781.15483639465
1189000207,451858.92342478805
2472950160,268509.94977160514
9558040050,554202.4959125118
3438503120,347735.0649585014
9407150240,282133.68801253353
1370804295,614132.2486077335
5700001100,631596.7877662258
6837820030,397330.9673563082
5411600210,809488.7597082383
5061300030,241484.6750175777
525069133,922128.9399091421
2121000250,352790.8603886391
3179100720,645834.2578012387
2780700050,438557.8270329344
1545805820,270012.72968708846
5702380630,242695.72064222323
9211010260,525379.1007972106
7129300595,277961.24301898805
6802200100,241248.10510674716
3304030140,413249.27781791607
2623039019,882801.9245542451
104500730,199328.387696059
2924069132,603643.118970752
1775500310,643660.4680316701
8114000040,299591.41460850684
2011400021,409390.75934437476
7525570020,708238.2664794874
2917200615,452054.3722212193
7697000170,296656.0692851412
7871500070,814153.4346508961
7215722010,511968.8716362342
6300000378,504195.22946865286
7159200005,2708241.0537005775
8946410040,393157.2627872375
3893100327,367997.6889646196
635000009,916170.1454280901
2322069116,481212.7985767829
2760200050,323402.7989228083
3432500210,312883.86805873405
5700000245,587396.2984039675
7588700177,367329.83331559564
9178600135,690363.3765154117
9830200475,422723.51496421406
8562780160,322122.88258354244
9826701665,538409.6507617943
7504010900,653076.8217522886
2770606915,470265.9576860643
1254200075,611376.290212553
2473450430,411570.6693278553
1433290010,456064.86006479675
7586200061,351961.9346641416
6841700070,559678.7218699915
9826701320,456373.75145892997
8943600720,288571.89046690665
6791900260,771300.1095069316
2301400640,708634.4740398986
7979900210,342635.0878746993
4037200665,409615.7816404826
984000650,292531.19519506
2937300060,935519.4207436236
8731982190,262514.8047381664
1445200190,292968.8620718616
952003285,761159.0416878178
1402970020,391042.3025656655
2487700274,452315.92414440465
8113101670,389167.09114608506
8682300400,666598.3411006879
809002435,743743.1762491401
4045900147,591133.8757217189
2991000400,278099.50742501067
9456200405,192510.63618988308
5104510370,291897.4632121193
9414610240,503957.0093403079
2111010760,340979.9563084333
1854900430,697258.6063095919
2624300080,829360.5693583096
3645100280,462459.25522699626
1433100010,253943.59882071672
9533600100,1160872.3622208957
6743700030,544161.3360144158
9294300070,655251.5546585767
2114700540,238950.67246794584
7853280550,709060.0524013565
868000175,698100.9910272503
1446401290,211859.81168369754
9109000050,313473.73110736476
8856004327,251627.44604217488
2329800110,265251.452680812
3031200230,400220.53735413955
7582700075,1505077.7297738472
2422049104,167567.8985588706
9274202885,536287.3004759456
1770000090,421766.9147798424
9500900430,237906.91539468832
7305900082,351998.0615380597
3336000170,391479.4002346349
5680000455,689989.3679314083
9808630210,881662.3268653328
8807810110,459984.81302039576
3824100211,418315.9295306094
3423059153,541060.8289483035
3937900120,471476.4137962972
524059323,846199.7907177669
4305600250,522736.3751783802
1257201375,583496.4444450458
853600150,1165843.6090143449
2424059174,1490061.5221205403
5205000400,292972.5304702351
2658000115,197185.06522175545
3055800020,299747.6786397706
357000025,585037.3342539492
5666300010,325757.4092774861
4167700210,252418.63198846075
9187200275,814449.686593736
2960900040,437357.32691871567
1021049022,227634.56422779456
7750500120,239193.47234347303
7153200160,1074772.0957355236
4406000390,256514.70931279846
629800380,1344740.2650061613
2026049125,307476.89586058137
6117502230,2109701.0519489828
3379100130,471890.74639067356
2472920140,448872.46281440137
7214720075,567829.5010390308
1771110070,346094.0243377892
5127001600,311456.8167183906
6666860210,318841.42591519747
5467200055,345294.41730769945
7819000040,380091.89420162013
3790700070,291783.43255720957
6362900138,342068.37139663915
597000593,377086.55855680327
8032700070,625310.2487200543
9301300215,1043876.040364236
8902500118,373158.4503272139
6607000095,352315.3192158454
2163900081,808330.683900343
7732500270,652892.4423374167
3856903515,608368.3859944693
2557000400,282050.83353925456
4386700135,1927866.7240921017
7399000360,307638.8714849856
